chain,time_utc,tx,status,executor,pair,flash,order,aggregator,settler,stable_gain_usd,gas_usd,net_usd,tokens
ethereum,2026-07-31T15:17:11,0xc25fea8375d497419a8f6a2d8ff5644ad6dc647272981a15842a7e74b2ca6292,reverted,0x4443faee765d6918f59064c625e51fc209f1d3b5,,,,0x (MetaMatcha),0x0889e9327b98d7d1be3c301a4585ff3330502c9a,0,2.9757,-2.9757,{}
ethereum,2026-07-31T15:26:23,0x98ed57eb1d671108618215c6f5863307a7a88c34d0781dca6db373e1b869fec8,success,0x4443faee765d6918f59064c625e51fc209f1d3b5,,,,0x (MetaMatcha),0x0889e9327b98d7d1be3c301a4585ff3330502c9a,61.459859,5.1815,56.2783,"{""USDC"": 60.7278, ""USDT"": 0.732059}"
ethereum,2026-07-31T16:04:11,0x37982ed0b7213332df183a1a6d44d36d49bc1c3fc550fa3d2e9ea5c264affa58,success,0x4443faee765d6918f59064c625e51fc209f1d3b5,,,,0x (MetaMatcha),0x0889e9327b98d7d1be3c301a4585ff3330502c9a,31.106976,3.0085,28.0984,"{""USDC"": 25.800953, ""USDT"": 5.306023}"
ethereum,2026-07-31T16:24:59,0x09ad9e721944acd7d2c43e9da91bc85637518d2228810504d8216be3cb312e41,success,0xa38d5707ad5a9330969b393938824ee321995e0b,,,,0x (MetaMatcha),0x0889e9327b98d7d1be3c301a4585ff3330502c9a,38.012488,1.4934,36.5191,"{""PYUSD"": 33.003983, ""USDT"": 5.008505}"
ethereum,2026-07-31T16:28:23,0xfbc79a83165c980e7268c72b3f5fe2527879b5b2a51ac99ab73013f7e018a43e,success,0xa38d5707ad5a9330969b393938824ee321995e0b,,,,0x (MetaMatcha),0x0889e9327b98d7d1be3c301a4585ff3330502c9a,116.039735,1.0395,115.0003,"{""PYUSD"": 86.013119, ""USDT"": 30.026616}"
ethereum,2026-07-31T16:28:59,0x435eb52c76b824be4a5aa95df5dd7b601b17e76836b8ed36e03a11e29fafa29f,success,0xa38d5707ad5a9330969b393938824ee321995e0b,,,,0x (MetaMatcha),0x0889e9327b98d7d1be3c301a4585ff3330502c9a,38.347575,1.9779,36.3697,"{""PYUSD"": 28.750524, ""USDT"": 9.597051}"
ethereum,2026-08-01T01:48:47,0x3704878416a0d1ca7881c99241e51b94c4f352576789c6ca374b61444c45222a,success,0xa38d5707ad5a9330969b393938824ee321995e0b,,,,0x (MetaMatcha),0x0889e9327b98d7d1be3c301a4585ff3330502c9a,20.970772,0.0928,20.8779,"{""USDC"": 14.967512, ""USDT"": 6.00326}"
ethereum,2026-08-14T16:05:59,0x2e173daad8005a4e931d8eb8c04ed4ba9a82cb1f4e142e98201e4ed8d1458dd5,success,0x6fa26637db03519b520a44056fc4d93858ba5833,,,,0x (MetaMatcha),0x0889e9327b98d7d1be3c301a4585ff3330502c9a,2.641642,0.1391,2.5026,"{""USDC"": 2.641642, ""PYUSD"": 0.0}"
ethereum,2026-08-15T17:21:35,0xe208c8b0475ea3ace877c7df55f7a1c15e3bed066936aa6f06b28fb177b85fbe,reverted,0xc5ad9f7f55d60ccab1db5a27f70c54909e6836f0,,,,0x (MetaMatcha),0x0889e9327b98d7d1be3c301a4585ff3330502c9a,0,0.1889,-0.1889,{}
ethereum,2026-08-17T16:22:35,0x55d77b243ce3cb20a7a50c01140d9423fb8444cd399e4a6d1a44776e55313459,reverted,0xc5ad9f7f55d60ccab1db5a27f70c54909e6836f0,,,,0x (MetaMatcha),0x0889e9327b98d7d1be3c301a4585ff3330502c9a,0,0.3042,-0.3042,{}
ethereum,2026-08-17T16:23:47,0xa8edc05a27df3ac0f82fb87a8057e1ecc5fe95ff4b2b607019e4604bb6e67b16,success,0xc5ad9f7f55d60ccab1db5a27f70c54909e6836f0,,,,0x (MetaMatcha),0x0889e9327b98d7d1be3c301a4585ff3330502c9a,5.998063,0.2665,5.7315,"{""PYUSD"": 5.998063, ""USDG"": 0.0}"
ethereum,2026-08-17T19:07:47,0xedd6e13f30e0efba7b3a183b13a29f4a69b53d7f25d61ff386b41954bfbf0327,success,0xc5ad9f7f55d60ccab1db5a27f70c54909e6836f0,,,,0x (MetaMatcha),0x0889e9327b98d7d1be3c301a4585ff3330502c9a,6.745077,0.1904,6.5547,"{""PYUSD"": 6.745077, ""USDG"": 0.0}"
ethereum,2026-08-20T09:45:11,0xf4e41f2bfdd30b771d792d74a52ced5b6142354217ce31ee7d904a459c7aa6cd,reverted,0xc5ad9f7f55d60ccab1db5a27f70c54909e6836f0,,,,0x (MetaMatcha),0x0889e9327b98d7d1be3c301a4585ff3330502c9a,0,0.6221,-0.6221,{}
ethereum,2026-08-20T10:01:59,0x6d0032bb0c8763158073d2555ef4cb6fa2e94654a4070fbe22a86f603b978bbd,reverted,0xc5ad9f7f55d60ccab1db5a27f70c54909e6836f0,,,,0x (MetaMatcha),0x0889e9327b98d7d1be3c301a4585ff3330502c9a,0,0.4233,-0.4233,{}
ethereum,2026-08-20T10:03:11,0x108f9192263c91caee5e76605a56a41acc8244b50f96109ee1b728319f0cfc51,success,0xc5ad9f7f55d60ccab1db5a27f70c54909e6836f0,,,,0x (MetaMatcha),0x0889e9327b98d7d1be3c301a4585ff3330502c9a,8.796437,0.3987,8.3977,"{""PYUSD"": 8.796437, ""USDG"": 0.0}"
ethereum,2026-08-20T12:11:23,0xf30dfa56980542bf33351c56e288c4d3fbc949c7b47a1b697ab69ea0659e633a,reverted,0xc5ad9f7f55d60ccab1db5a27f70c54909e6836f0,,,,0x (MetaMatcha),0x0889e9327b98d7d1be3c301a4585ff3330502c9a,0,0.7751,-0.7751,{}
ethereum,2026-08-20T12:13:23,0xd3215c2293122392f8369dbca221e3bcbda07f0f5b93fdf8d2876ea7f9cf4a96,success,0xc5ad9f7f55d60ccab1db5a27f70c54909e6836f0,,,,0x (MetaMatcha),0x0889e9327b98d7d1be3c301a4585ff3330502c9a,8.078441,0.924,7.1545,"{""PYUSD"": 8.078441, ""USDG"": 0.0}"
ethereum,2026-08-20T18:27:47,0xb88e04686fbe88ab473d290dc24355cfc8d8ba8da37d37573253873f4b3f6ba1,success,0xc5ad9f7f55d60ccab1db5a27f70c54909e6836f0,,,,0x (MetaMatcha),0x0889e9327b98d7d1be3c301a4585ff3330502c9a,9.30275,0.5615,8.7413,"{""PYUSD"": 9.30275, ""USDG"": 0.0}"
ethereum,2026-08-21T07:02:11,0xcb86ac816b9a9e61bf10f1bfb50912db7648b59e991c65697737b61efa7c9683,reverted,0xc5ad9f7f55d60ccab1db5a27f70c54909e6836f0,,,,0x (MetaMatcha),0x0889e9327b98d7d1be3c301a4585ff3330502c9a,0,0.2653,-0.2653,{}
ethereum,2026-08-21T07:04:47,0x296d642be5856648c158f64833d851c166963a0592141bf63e7b976b9e1ed168,success,0xc5ad9f7f55d60ccab1db5a27f70c54909e6836f0,,,,0x (MetaMatcha),0x0889e9327b98d7d1be3c301a4585ff3330502c9a,7.44639,0.3355,7.1109,"{""PYUSD"": 7.30817, ""USDG"": 0.13822}"
ethereum,2026-08-21T13:45:35,0x2ceaa8e5ad366098ae3ed16df53007749147e6c5a61d19ba79af7088af287015,success,0xc5ad9f7f55d60ccab1db5a27f70c54909e6836f0,,,,0x (MetaMatcha),0x0889e9327b98d7d1be3c301a4585ff3330502c9a,18.775119,1.1903,17.5848,"{""PYUSD"": 18.775119, ""USDG"": 0.0}"
ethereum,2026-08-21T18:46:23,0x41a6ff894b8a7140e0a18ede5a226290c34f2398f9c5e51b5ce1ac6936666bef,reverted,0xc5ad9f7f55d60ccab1db5a27f70c54909e6836f0,,,,0x (MetaMatcha),0x0889e9327b98d7d1be3c301a4585ff3330502c9a,0,3.875,-3.875,{}
ethereum,2026-08-24T06:14:11,0x2950bf04d12fc13f200ba17619eb20a47f1414d571116b1463e5601d8cb28563,reverted,0xc5ad9f7f55d60ccab1db5a27f70c54909e6836f0,,,,0x (MetaMatcha),0x0889e9327b98d7d1be3c301a4585ff3330502c9a,0,0.2043,-0.2043,{}
ethereum,2026-08-24T06:42:59,0x5033747684b02e159c5b4cfe86e5ff1bcf022a6ec9a21b05403a14e864032069,reverted,0xc5ad9f7f55d60ccab1db5a27f70c54909e6836f0,,,,0x (MetaMatcha),0x0889e9327b98d7d1be3c301a4585ff3330502c9a,0,0.0515,-0.0515,{}
ethereum,2026-08-24T08:32:59,0xe9d8e62635fa4196ce581fd37e41e06f5fd4a18a1c1bb32a75142d1548e05cae,success,0xc5ad9f7f55d60ccab1db5a27f70c54909e6836f0,,,,0x (MetaMatcha),0x0889e9327b98d7d1be3c301a4585ff3330502c9a,7.753861,0.0971,7.6567,"{""USDC"": 7.753861, ""PYUSD"": 0.0}"
ethereum,2026-08-24T09:02:23,0x8499eb47dfd2e8b2163237b7a4a971f6f86beddb9cdf06fca1c613087a9d0ad1,success,0xb00f38246ea6870c2e3ed6dba9d542a9a3fb6920,PYUSD/USDG,Morpho,stable-first,0x (MetaMatcha),0x0889e9327b98d7d1be3c301a4585ff3330502c9a,29.248794,0.2003,29.0485,"{""PYUSD"": 29.248794, ""USDG"": 0.0}"
ethereum,2026-08-24T15:05:35,0x404b71c3214ad7be83c7dfb2bc9f7be5565a45de9a7c3d0e397c679eb042079a,success,0xb00f38246ea6870c2e3ed6dba9d542a9a3fb6920,PYUSD/USDG,Morpho,stable-first,0x (MetaMatcha),0x0889e9327b98d7d1be3c301a4585ff3330502c9a,8.605933,1.1859,7.42,"{""PYUSD"": 8.605933, ""USDG"": 0.0}"
ethereum,2026-08-25T09:55:23,0x0feae268711608e2db9e8c4d9b55e750c760d9652fc6b0d3f8a18f24a76d6e70,reverted,0xb00f38246ea6870c2e3ed6dba9d542a9a3fb6920,PYUSD/USDG,Morpho,stable-first,0x (MetaMatcha),0x0889e9327b98d7d1be3c301a4585ff3330502c9a,0,0.2834,-0.2834,{}
ethereum,2026-08-25T10:45:23,0xf5aa946d608baa4c3963700d1477f8f70b50ee069424f338dbe4f81ad9f899cf,reverted,0xb00f38246ea6870c2e3ed6dba9d542a9a3fb6920,PYUSD/USDG,Morpho,stable-first,0x (MetaMatcha),0x0889e9327b98d7d1be3c301a4585ff3330502c9a,0,0.3818,-0.3818,{}
ethereum,2026-08-30T08:52:23,0x67e4b7a66ac23a980fc72dad0b6bf262ad00d2b5c8572d8e40a11d551e307683,success,0xb00f38246ea6870c2e3ed6dba9d542a9a3fb6920,PYUSD/USDG,Morpho,stable-first,0x (MetaMatcha),0x0889e9327b98d7d1be3c301a4585ff3330502c9a,11.772974,0.1582,11.6148,"{""PYUSD"": 11.772974, ""USDG"": 0.0}"
ethereum,2026-08-30T09:01:23,0xbb58bf882a60af44bdb51e76f9b906c0f14249f5d4b3782ad53d4f8f97e12ff3,success,0xb00f38246ea6870c2e3ed6dba9d542a9a3fb6920,PYUSD/USDG,Morpho,stable-first,0x (MetaMatcha),0x0889e9327b98d7d1be3c301a4585ff3330502c9a,13.932674,0.2279,13.7047,"{""PYUSD"": 13.932674, ""USDG"": 0.0}"
ethereum,2026-08-30T09:29:23,0x323fd6eb2091d5f38e4cd048ec3f2e76e3647f0a91f07cf96e54b4197c8ca267,success,0xb00f38246ea6870c2e3ed6dba9d542a9a3fb6920,PYUSD/USDG,Morpho,stable-first,0x (MetaMatcha),0x0889e9327b98d7d1be3c301a4585ff3330502c9a,13.808072,0.1619,13.6461,"{""PYUSD"": 13.808072, ""USDG"": 0.0}"
ethereum,2026-08-30T10:26:11,0x9d7a52e407b75bfb1fd3aaa6751d1206cf458bc9c2c3f00eb211638ff8a2b485,success,0xb00f38246ea6870c2e3ed6dba9d542a9a3fb6920,PYUSD/USDG,Morpho,stable-first,0x (MetaMatcha),0x0889e9327b98d7d1be3c301a4585ff3330502c9a,12.906439,0.1417,12.7647,"{""PYUSD"": 12.906439, ""USDG"": 0.0}"
ethereum,2026-08-30T10:37:59,0x5d1a18f6e0ef427efb7fdd80c3f51653e5a64ed00116458c21333d771d56c865,success,0xb00f38246ea6870c2e3ed6dba9d542a9a3fb6920,PYUSD/USDG,Morpho,stable-first,0x (MetaMatcha),0x0889e9327b98d7d1be3c301a4585ff3330502c9a,12.356676,0.1336,12.2231,"{""PYUSD"": 12.356676, ""USDG"": 0.0}"
ethereum,2026-08-30T10:44:59,0x7e0a66268558cecd9df483269cb1c10aa7d8581b992d2cec0fa1c5faf67d980f,success,0xb00f38246ea6870c2e3ed6dba9d542a9a3fb6920,PYUSD/USDG,Morpho,stable-first,0x (MetaMatcha),0x0889e9327b98d7d1be3c301a4585ff3330502c9a,12.005178,0.1337,11.8714,"{""PYUSD"": 12.005178, ""USDG"": 0.0}"
ethereum,2026-08-30T11:00:47,0x0144477693a0810b4d82080e054832d9859d14085066433fd06472e9b11241c8,success,0xb00f38246ea6870c2e3ed6dba9d542a9a3fb6920,PYUSD/USDG,Morpho,stable-first,0x (MetaMatcha),0x0889e9327b98d7d1be3c301a4585ff3330502c9a,11.415274,0.1337,11.2816,"{""PYUSD"": 11.415274, ""USDG"": 0.0}"
ethereum,2026-08-30T11:16:35,0x6b32d12973485dcd27ab320fe3bc0af40925e1c866fc43443f00215e5c0900bd,reverted,0xb00f38246ea6870c2e3ed6dba9d542a9a3fb6920,PYUSD/USDG,Morpho,stable-first,0x (MetaMatcha),0x0889e9327b98d7d1be3c301a4585ff3330502c9a,0,0.105,-0.105,{}
ethereum,2026-08-30T11:19:47,0x9394cdb669eded021aad14595d2bd55fd89a7b88bff074c1c3bcda9a817ac266,success,0xb00f38246ea6870c2e3ed6dba9d542a9a3fb6920,PYUSD/USDG,Morpho,stable-first,0x (MetaMatcha),0x0889e9327b98d7d1be3c301a4585ff3330502c9a,13.585186,0.1031,13.4821,"{""PYUSD"": 13.585186, ""USDG"": 0.0}"
ethereum,2026-08-30T11:26:59,0x0bd9f8dbfaae52d291b2088782977f09059396b6843481fd4df32f2ce2dec0e2,success,0xb00f38246ea6870c2e3ed6dba9d542a9a3fb6920,PYUSD/USDG,Morpho,stable-first,0x (MetaMatcha),0x0889e9327b98d7d1be3c301a4585ff3330502c9a,14.262099,0.105,14.1571,"{""PYUSD"": 14.262099, ""USDG"": 0.0}"
ethereum,2026-08-30T11:35:59,0xdcbce13b0e68f4fa6568e7ec41b13cdc1303520bf6e9452cabcfaad078fc698a,reverted,0xb00f38246ea6870c2e3ed6dba9d542a9a3fb6920,PYUSD/USDG,Morpho,stable-first,0x (MetaMatcha),0x0889e9327b98d7d1be3c301a4585ff3330502c9a,0,0.1225,-0.1225,{}
ethereum,2026-08-30T11:40:11,0x41c4f750dee046af55cccd636d080556f6925e40b597fdb2ff1fa1f177aedf33,success,0xb00f38246ea6870c2e3ed6dba9d542a9a3fb6920,PYUSD/USDG,Morpho,stable-first,0x (MetaMatcha),0x0889e9327b98d7d1be3c301a4585ff3330502c9a,11.870906,0.111,11.7599,"{""PYUSD"": 11.870906, ""USDG"": 0.0}"
ethereum,2026-08-30T11:50:11,0x169ce96f13944017e74a2accbff9b173741e90e9ca93ef5d6f6645fe0bf0a65a,success,0xb00f38246ea6870c2e3ed6dba9d542a9a3fb6920,PYUSD/USDG,Morpho,stable-first,0x (MetaMatcha),0x0889e9327b98d7d1be3c301a4585ff3330502c9a,8.888005,0.2309,8.6571,"{""PYUSD"": 8.888005, ""USDG"": 0.0}"
ethereum,2026-08-30T11:59:35,0x0ed6bcca3e721ee05ddebcaa36bcaaa12ed166dbbfa075511a5b99d3c84d89fe,success,0xb00f38246ea6870c2e3ed6dba9d542a9a3fb6920,PYUSD/USDG,Morpho,stable-first,0x (MetaMatcha),0x0889e9327b98d7d1be3c301a4585ff3330502c9a,7.020816,0.1769,6.8439,"{""PYUSD"": 7.020816, ""USDG"": 0.0}"
ethereum,2026-08-30T12:14:35,0x5630e8dc7d96c49a94babf766a99f2aecef103956d10b50f1a9e57c7803abd5e,success,0xb00f38246ea6870c2e3ed6dba9d542a9a3fb6920,PYUSD/USDG,Morpho,stable-first,0x (MetaMatcha),0x0889e9327b98d7d1be3c301a4585ff3330502c9a,8.736807,0.1731,8.5637,"{""PYUSD"": 8.736807, ""USDG"": 0.0}"
ethereum,2026-08-30T13:39:11,0x168de9eb53216bc12140ac578ee63fc6fe94e2f0c42ce76aed8a580ba04cd652,reverted,0xb00f38246ea6870c2e3ed6dba9d542a9a3fb6920,PYUSD/USDG,Morpho,stable-first,0x (MetaMatcha),0x0889e9327b98d7d1be3c301a4585ff3330502c9a,0,0.1875,-0.1875,{}
ethereum,2026-08-30T13:40:47,0x042bff86d007d45f7ffbe6c8dcbf51a6acd74e00f80eaf955431397446e1ecd8,success,0xb00f38246ea6870c2e3ed6dba9d542a9a3fb6920,PYUSD/USDG,Morpho,stable-first,0x (MetaMatcha),0x0889e9327b98d7d1be3c301a4585ff3330502c9a,10.644665,0.156,10.4887,"{""PYUSD"": 10.644665, ""USDG"": 0.0}"
ethereum,2026-08-30T13:51:59,0x48bc34679acb01e9c8b14ce72a7e80e9a4e21d7458388bab77c42bfa0931bf4a,success,0xb00f38246ea6870c2e3ed6dba9d542a9a3fb6920,PYUSD/USDG,Morpho,stable-first,0x (MetaMatcha),0x0889e9327b98d7d1be3c301a4585ff3330502c9a,12.964711,0.1027,12.862,"{""PYUSD"": 12.964711, ""USDG"": 0.0}"
ethereum,2026-08-30T14:15:11,0xfd404c9a899f65a899d43a7b349e91ad3cd7eb3027e42497484cc9957c212b45,success,0xb00f38246ea6870c2e3ed6dba9d542a9a3fb6920,PYUSD/USDG,Morpho,stable-first,0x (MetaMatcha),0x0889e9327b98d7d1be3c301a4585ff3330502c9a,9.879179,0.1868,9.6924,"{""PYUSD"": 9.879179, ""USDG"": 0.0}"
ethereum,2026-08-30T14:28:11,0x0a7a351ec964f7223feca48ece0e7330967299de9dfb750b7edcbbe22ff10fa0,success,0xb00f38246ea6870c2e3ed6dba9d542a9a3fb6920,PYUSD/USDG,Morpho,stable-first,0x (MetaMatcha),0x0889e9327b98d7d1be3c301a4585ff3330502c9a,9.446109,0.1786,9.2675,"{""PYUSD"": 9.446109, ""USDG"": 0.0}"
ethereum,2026-08-30T14:35:23,0xc6239414594b85e12dbe675baf817867f05e368978fb648bda81b89e12011161,reverted,0xb00f38246ea6870c2e3ed6dba9d542a9a3fb6920,PYUSD/USDG,Morpho,stable-first,0x (MetaMatcha),0x0889e9327b98d7d1be3c301a4585ff3330502c9a,0,0.2546,-0.2546,{}
ethereum,2026-08-30T14:37:35,0x258038699b42b970b9d31fd6f3f902e636a90d5713bf79d6ce474517aee53330,success,0xb00f38246ea6870c2e3ed6dba9d542a9a3fb6920,PYUSD/USDG,Morpho,stable-first,0x (MetaMatcha),0x0889e9327b98d7d1be3c301a4585ff3330502c9a,11.660383,0.1441,11.5163,"{""PYUSD"": 11.660383, ""USDG"": 0.0}"
ethereum,2026-08-30T14:45:47,0x4c6fc0eb1db586077e320cfcc2218e888f7f2118e7bfbce2d8e0f91686f64ce4,success,0xb00f38246ea6870c2e3ed6dba9d542a9a3fb6920,PYUSD/USDG,Morpho,stable-first,0x (MetaMatcha),0x0889e9327b98d7d1be3c301a4585ff3330502c9a,13.629898,0.1036,13.5263,"{""PYUSD"": 13.629898, ""USDG"": 0.0}"
ethereum,2026-08-30T14:55:59,0x81df31d71abe4d935a5970191b098d9af6eee1fd76f02d39eff3eb880575ac91,success,0xb00f38246ea6870c2e3ed6dba9d542a9a3fb6920,PYUSD/USDG,Morpho,stable-first,0x (MetaMatcha),0x0889e9327b98d7d1be3c301a4585ff3330502c9a,11.152689,0.1049,11.0478,"{""PYUSD"": 11.152689, ""USDG"": 0.0}"
ethereum,2026-08-30T15:06:23,0xc6279edf6c608572c252b0c49c210d3fc788672ac2c0fb895bbf9ab8ec57c791,success,0xb00f38246ea6870c2e3ed6dba9d542a9a3fb6920,PYUSD/USDG,Morpho,stable-first,0x (MetaMatcha),0x0889e9327b98d7d1be3c301a4585ff3330502c9a,10.587778,0.1236,10.4641,"{""PYUSD"": 10.587778, ""USDG"": 0.0}"
ethereum,2026-08-30T15:15:23,0xb8c7d75a40a6c05090f406cb059ca30f30c29337e3949c93fd43921302833ea6,success,0xb00f38246ea6870c2e3ed6dba9d542a9a3fb6920,PYUSD/USDG,Morpho,stable-first,0x (MetaMatcha),0x0889e9327b98d7d1be3c301a4585ff3330502c9a,11.146224,0.1307,11.0155,"{""PYUSD"": 11.146224, ""USDG"": 0.0}"
ethereum,2026-08-30T15:26:23,0xb20f69479f48c931f5850332b389ba5536a640ab87e352dbe4768a73c5506949,success,0xb00f38246ea6870c2e3ed6dba9d542a9a3fb6920,PYUSD/USDG,Morpho,stable-first,0x (MetaMatcha),0x0889e9327b98d7d1be3c301a4585ff3330502c9a,10.247881,0.1257,10.1221,"{""PYUSD"": 10.247881, ""USDG"": 0.0}"
ethereum,2026-08-30T15:35:35,0xdaeb47dcab1ba4baa93e9d98e6904241e0a2dd1173adc53317b0b0ef560fc7be,success,0xb00f38246ea6870c2e3ed6dba9d542a9a3fb6920,PYUSD/USDG,Morpho,stable-first,0x (MetaMatcha),0x0889e9327b98d7d1be3c301a4585ff3330502c9a,9.746478,0.0958,9.6506,"{""PYUSD"": 9.746478, ""USDG"": 0.0}"
ethereum,2026-08-30T15:45:35,0xd7cc794770e8e6d917b25bbb68eeb68388dd0a7697290893c41de81beeee0b00,success,0xb00f38246ea6870c2e3ed6dba9d542a9a3fb6920,PYUSD/USDG,Morpho,stable-first,0x (MetaMatcha),0x0889e9327b98d7d1be3c301a4585ff3330502c9a,11.003976,0.1523,10.8517,"{""PYUSD"": 11.003976, ""USDG"": 0.0}"
ethereum,2026-08-30T15:55:35,0x4526d1fa1f15d89b2a0860152eb7f8eb96607712af0b55539c8ee09e21427400,reverted,0xb00f38246ea6870c2e3ed6dba9d542a9a3fb6920,PYUSD/USDG,Morpho,stable-first,0x (MetaMatcha),0x0889e9327b98d7d1be3c301a4585ff3330502c9a,0,0.1986,-0.1986,{}
ethereum,2026-08-30T15:56:59,0xb25e8f395dda5b0e41a4ef07d1a1bf91934c6f8a88f1049e723013649cb462e6,success,0xb00f38246ea6870c2e3ed6dba9d542a9a3fb6920,PYUSD/USDG,Morpho,stable-first,0x (MetaMatcha),0x0889e9327b98d7d1be3c301a4585ff3330502c9a,11.121997,0.1931,10.9289,"{""PYUSD"": 11.121997, ""USDG"": 0.0}"
ethereum,2026-08-30T16:05:59,0x234379741f27100265437bc290dca54c16b59a4a4f36f429fe7465bb20ef8a98,success,0xb00f38246ea6870c2e3ed6dba9d542a9a3fb6920,PYUSD/USDG,Morpho,stable-first,0x (MetaMatcha),0x0889e9327b98d7d1be3c301a4585ff3330502c9a,10.545835,0.1617,10.3842,"{""PYUSD"": 10.545835, ""USDG"": 0.0}"
ethereum,2026-08-30T16:21:47,0xbd71a812e5fbbc8e2687756950382a2871d235b8e8a9f9f7c8e73251d3a0498f,reverted,0xb00f38246ea6870c2e3ed6dba9d542a9a3fb6920,USDC/PYUSD,Morpho,dex-first,0x (MetaMatcha),0x0889e9327b98d7d1be3c301a4585ff3330502c9a,0,0.0551,-0.0551,{}
ethereum,2026-08-30T22:42:35,0xb379186cee31ee14233b553c4ee4633e24248c954e0b37430a001774e89d2a81,success,0xb00f38246ea6870c2e3ed6dba9d542a9a3fb6920,PYUSD/USDG,Morpho,stable-first,0x (MetaMatcha),0x0889e9327b98d7d1be3c301a4585ff3330502c9a,16.969267,0.1067,16.8625,"{""PYUSD"": 16.969267, ""USDG"": 0.0}"
ethereum,2026-08-30T23:14:11,0x0f1ae657b1ced8e4e5804450aa4a1874e0815141ee752d25de07ef811145de4f,reverted,0xb00f38246ea6870c2e3ed6dba9d542a9a3fb6920,PYUSD/USDG,Morpho,stable-first,0x (MetaMatcha),0x0889e9327b98d7d1be3c301a4585ff3330502c9a,0,0.1264,-0.1264,{}
ethereum,2026-08-30T23:16:11,0xc57ffd2bdbb321979ba0c762e9e5d5ed4865bdd2e25883f5c207f05efb9cdc46,success,0xb00f38246ea6870c2e3ed6dba9d542a9a3fb6920,PYUSD/USDG,Morpho,stable-first,0x (MetaMatcha),0x0889e9327b98d7d1be3c301a4585ff3330502c9a,12.203302,0.1045,12.0988,"{""PYUSD"": 12.203302, ""USDG"": 0.0}"
ethereum,2026-08-30T23:25:59,0x33f123c59eec6e1eca90deec8809240bd91a86a9167ad43e481bdc45bb2a00d6,reverted,0xb00f38246ea6870c2e3ed6dba9d542a9a3fb6920,PYUSD/USDG,Morpho,dex-first,0x (MetaMatcha),0x0889e9327b98d7d1be3c301a4585ff3330502c9a,0,0.17,-0.17,{}
ethereum,2026-08-30T23:33:23,0x3e16f0528277f3f996312fc63b9e65c6df090439a7380629385b96dd05dbed5f,reverted,0xb00f38246ea6870c2e3ed6dba9d542a9a3fb6920,PYUSD/USDG,Morpho,stable-first,0x (MetaMatcha),0x0889e9327b98d7d1be3c301a4585ff3330502c9a,0,0.0335,-0.0335,{}
ethereum,2026-08-30T23:45:23,0x675d636d965091a469eb38c9492f3d315640fbc1c1377bcbeb27f39424724fd2,success,0xb00f38246ea6870c2e3ed6dba9d542a9a3fb6920,PYUSD/USDG,Morpho,stable-first,0x (MetaMatcha),0x0889e9327b98d7d1be3c301a4585ff3330502c9a,10.96805,0.7926,10.1755,"{""PYUSD"": 10.96805, ""USDG"": 0.0}"
ethereum,2026-08-30T23:51:35,0xd2a62ba2b8c64cf6090e5ce80dc26ff6f9cc39d8434a4e7e86b905cb0e1bec94,reverted,0xb00f38246ea6870c2e3ed6dba9d542a9a3fb6920,USDC/PYUSD,Morpho,dex-first,0x (MetaMatcha),0x0889e9327b98d7d1be3c301a4585ff3330502c9a,0,0.3596,-0.3596,{}
ethereum,2026-08-30T23:59:11,0x7e279f180ee247459e4aaa238de6584c6af326b4a3b3134ada632d2f15cb3d08,reverted,0xb00f38246ea6870c2e3ed6dba9d542a9a3fb6920,PYUSD/USDG,Morpho,stable-first,0x (MetaMatcha),0x0889e9327b98d7d1be3c301a4585ff3330502c9a,0,0.608,-0.608,{}
ethereum,2026-08-31T00:00:59,0x07b13720f06704b1c061744250fb610dffa76481a193cad6b34f6a76926ed0b1,success,0xb00f38246ea6870c2e3ed6dba9d542a9a3fb6920,PYUSD/USDG,Morpho,stable-first,0x (MetaMatcha),0x0889e9327b98d7d1be3c301a4585ff3330502c9a,13.347807,0.4175,12.9303,"{""PYUSD"": 13.347807, ""USDG"": 0.0}"
ethereum,2026-08-31T00:12:23,0x321a5780868de502d724e62e556c6fd597472e9695183fa05bb29a69ec815e32,reverted,0xb00f38246ea6870c2e3ed6dba9d542a9a3fb6920,PYUSD/USDG,Morpho,stable-first,0x (MetaMatcha),0x0889e9327b98d7d1be3c301a4585ff3330502c9a,0,0.3357,-0.3357,{}
ethereum,2026-08-31T00:12:59,0x4cfd36211a5ca2949fa83905c891beba3875823e5de32a3387c5c0e2e8f72ed3,reverted,0xb00f38246ea6870c2e3ed6dba9d542a9a3fb6920,PYUSD/USDG,Morpho,stable-first,0x (MetaMatcha),0x0889e9327b98d7d1be3c301a4585ff3330502c9a,0,0.4035,-0.4035,{}
ethereum,2026-08-31T00:15:23,0xfbaf5070f4943b136df724f902e968f7cf540ce1f8c472450a37b103bbbff1f5,success,0xb00f38246ea6870c2e3ed6dba9d542a9a3fb6920,PYUSD/USDG,Morpho,stable-first,0x (MetaMatcha),0x0889e9327b98d7d1be3c301a4585ff3330502c9a,11.688761,0.1523,11.5365,"{""PYUSD"": 11.688761, ""USDG"": 0.0}"
ethereum,2026-08-31T00:25:35,0x64fdaac0166475c52d0d34945a91479d318ec45dc88d14457eba783abb79b9bd,success,0xb00f38246ea6870c2e3ed6dba9d542a9a3fb6920,PYUSD/USDG,Morpho,stable-first,0x (MetaMatcha),0x0889e9327b98d7d1be3c301a4585ff3330502c9a,11.451253,0.1302,11.3211,"{""PYUSD"": 11.451253, ""USDG"": 0.0}"
ethereum,2026-08-31T00:32:59,0x57097f98391044dfe1c6bea254b7407603fb11aa66bde70e2f9ec65e76389b10,reverted,0xb00f38246ea6870c2e3ed6dba9d542a9a3fb6920,PYUSD/USDG,Morpho,stable-first,0x (MetaMatcha),0x0889e9327b98d7d1be3c301a4585ff3330502c9a,0,0.2206,-0.2206,{}
ethereum,2026-08-31T00:34:35,0xbb341c846f93fe84887160d06a413f4759991649767ae6e00c025f29d0ef4124,success,0xb00f38246ea6870c2e3ed6dba9d542a9a3fb6920,PYUSD/USDG,Morpho,stable-first,0x (MetaMatcha),0x0889e9327b98d7d1be3c301a4585ff3330502c9a,11.563313,0.1964,11.3669,"{""PYUSD"": 11.563313, ""USDG"": 0.0}"
ethereum,2026-08-31T00:40:47,0x48fa77cdd2e94675fad75f942426dba2123de8e7fc98852b45fca7c761e5023f,success,0xb00f38246ea6870c2e3ed6dba9d542a9a3fb6920,PYUSD/USDG,Morpho,stable-first,0x (MetaMatcha),0x0889e9327b98d7d1be3c301a4585ff3330502c9a,10.876073,0.1628,10.7132,"{""PYUSD"": 10.876073, ""USDG"": 0.0}"
ethereum,2026-08-31T00:50:35,0x6c9576f77c6c330172720a622f7658a2cda7f21c94c15ad5bcd252377417cd63,success,0xb00f38246ea6870c2e3ed6dba9d542a9a3fb6920,PYUSD/USDG,Morpho,stable-first,0x (MetaMatcha),0x0889e9327b98d7d1be3c301a4585ff3330502c9a,10.77034,0.153,10.6174,"{""PYUSD"": 10.77034, ""USDG"": 0.0}"
ethereum,2026-08-31T01:15:11,0x4c60372054d213e7901cf123c15a1d317f0b68455c90cdca7bf8f24825e563b9,success,0xb00f38246ea6870c2e3ed6dba9d542a9a3fb6920,PYUSD/USDG,Morpho,stable-first,0x (MetaMatcha),0x0889e9327b98d7d1be3c301a4585ff3330502c9a,9.837355,0.1683,9.669,"{""PYUSD"": 9.837355, ""USDG"": 0.0}"
ethereum,2026-08-31T01:25:23,0xf10afe2a21ad7b403e19e9b5df5cb0996e600e661818aec88b8ba83499c9a768,success,0xb00f38246ea6870c2e3ed6dba9d542a9a3fb6920,PYUSD/USDG,Morpho,stable-first,0x (MetaMatcha),0x0889e9327b98d7d1be3c301a4585ff3330502c9a,9.609527,0.1353,9.4743,"{""PYUSD"": 9.609527, ""USDG"": 0.0}"
ethereum,2026-08-31T02:16:47,0x3994cafe98f4fc67750455b7ae2bc42ae81b414ac26e265d7a485f5f94bf57f7,reverted,0xb00f38246ea6870c2e3ed6dba9d542a9a3fb6920,PYUSD/USDG,Morpho,stable-first,0x (MetaMatcha),0x0889e9327b98d7d1be3c301a4585ff3330502c9a,0,0.1959,-0.1959,{}
ethereum,2026-08-31T02:23:35,0x14d23d86c9085ad21302583f61378248ae363f7d4af35f74c896ceb29e1e2756,success,0xb00f38246ea6870c2e3ed6dba9d542a9a3fb6920,PYUSD/USDG,Morpho,stable-first,0x (MetaMatcha),0x0889e9327b98d7d1be3c301a4585ff3330502c9a,8.700952,0.1472,8.5538,"{""PYUSD"": 8.700952, ""USDG"": 0.0}"
ethereum,2026-08-31T02:29:47,0xada6bb945e3e0acafa24bd66d5c5b193a53e58ece2931aaaefb714d014c8e06f,success,0xb00f38246ea6870c2e3ed6dba9d542a9a3fb6920,PYUSD/USDG,Morpho,stable-first,0x (MetaMatcha),0x0889e9327b98d7d1be3c301a4585ff3330502c9a,8.428157,0.1351,8.2931,"{""PYUSD"": 8.428157, ""USDG"": 0.0}"
ethereum,2026-08-31T02:39:47,0x1c74983c8c83f7ab9d0b61161533c6912aad4823ac76f235fa9df8181fe9ab08,success,0xb00f38246ea6870c2e3ed6dba9d542a9a3fb6920,PYUSD/USDG,Morpho,stable-first,0x (MetaMatcha),0x0889e9327b98d7d1be3c301a4585ff3330502c9a,7.988901,0.1361,7.8528,"{""PYUSD"": 7.988901, ""USDG"": 0.0}"
ethereum,2026-08-31T02:49:23,0xf4327131e30d01d13d24f7fe56d550348c5215d8be9cbc1abbe02b0e21d00930,success,0xb00f38246ea6870c2e3ed6dba9d542a9a3fb6920,PYUSD/USDG,Morpho,stable-first,0x (MetaMatcha),0x0889e9327b98d7d1be3c301a4585ff3330502c9a,7.798545,0.1382,7.6604,"{""PYUSD"": 7.798545, ""USDG"": 0.0}"
ethereum,2026-08-31T02:55:35,0xd59bc1b06d764e448ad91eae3a60a26e5f99208c34e00809860d768b8b631d7b,success,0xb00f38246ea6870c2e3ed6dba9d542a9a3fb6920,PYUSD/USDG,Morpho,stable-first,0x (MetaMatcha),0x0889e9327b98d7d1be3c301a4585ff3330502c9a,7.497762,0.1534,7.3444,"{""PYUSD"": 7.497762, ""USDG"": 0.0}"
ethereum,2026-08-31T03:06:35,0x59d43d5b285dbd21cc089a8c5eadf0e1585cbbb5f4bb062dc28ce0ac3708439e,success,0xb00f38246ea6870c2e3ed6dba9d542a9a3fb6920,PYUSD/USDG,Morpho,stable-first,0x (MetaMatcha),0x0889e9327b98d7d1be3c301a4585ff3330502c9a,7.379882,0.1869,7.193,"{""PYUSD"": 7.379882, ""USDG"": 0.0}"
ethereum,2026-08-31T03:48:11,0x52504253e74a01ed5d7d6725020edfea7ccf9e4af378d9029636f2eb96a1e5b8,success,0xb00f38246ea6870c2e3ed6dba9d542a9a3fb6920,PYUSD/USDG,Morpho,stable-first,0x (MetaMatcha),0x0889e9327b98d7d1be3c301a4585ff3330502c9a,6.505279,4.5834,1.9219,"{""PYUSD"": 6.505279, ""USDG"": 0.0}"
ethereum,2026-08-31T05:38:35,0xbe03e12696c73c38f3dbd0467cfd59ef275169238ccba801f404dec56f0048b3,success,0xb00f38246ea6870c2e3ed6dba9d542a9a3fb6920,PYUSD/USDG,Morpho,stable-first,0x (MetaMatcha),0x0889e9327b98d7d1be3c301a4585ff3330502c9a,6.451975,0.7352,5.7167,"{""PYUSD"": 6.451975, ""USDG"": 0.0}"
ethereum,2026-08-31T06:19:35,0x8c5e9cc9fe73a5eb95bd7da966fdee5e37a25a54acfb101fc78417ea6f5e3709,success,0xb00f38246ea6870c2e3ed6dba9d542a9a3fb6920,PYUSD/USDG,Morpho,stable-first,0x (MetaMatcha),0x0889e9327b98d7d1be3c301a4585ff3330502c9a,7.307451,0.4522,6.8552,"{""PYUSD"": 7.307451, ""USDG"": 0.0}"
ethereum,2026-08-31T06:38:11,0xbce53418f56844042263c85b45f404983038e12c370d8915ae74d3808a90dc18,reverted,0xb00f38246ea6870c2e3ed6dba9d542a9a3fb6920,PYUSD/USDG,Morpho,stable-first,0x (MetaMatcha),0x0889e9327b98d7d1be3c301a4585ff3330502c9a,0,1.7985,-1.7985,{}
ethereum,2026-08-31T06:46:35,0xe8a41857d9a5d4b8d05e5c6586ebf565cf64c537bd9c2996573f8cde7409b6b1,success,0xb00f38246ea6870c2e3ed6dba9d542a9a3fb6920,PYUSD/USDG,Morpho,stable-first,0x (MetaMatcha),0x0889e9327b98d7d1be3c301a4585ff3330502c9a,6.203834,0.3483,5.8556,"{""PYUSD"": 6.203834, ""USDG"": 0.0}"
ethereum,2026-08-31T08:42:59,0xb6527707de452e8459422b918c86bec9585aed5001a8631318f2f290167a781e,reverted,0xb00f38246ea6870c2e3ed6dba9d542a9a3fb6920,PYUSD/USDG,Morpho,stable-first,0x (MetaMatcha),0x0889e9327b98d7d1be3c301a4585ff3330502c9a,0,0.7092,-0.7092,{}
ethereum,2026-08-31T11:48:59,0x19ea4a8bd9b8c9e4a5aaac965a50651c7835048be5fb53b1b34bc4514aaefd3a,reverted,0xb00f38246ea6870c2e3ed6dba9d542a9a3fb6920,PYUSD/USDG,Morpho,stable-first,0x (MetaMatcha),0x0889e9327b98d7d1be3c301a4585ff3330502c9a,0,0.1913,-0.1913,{}
ethereum,2026-08-31T11:50:23,0x53fcac6363ef6192d59f6fe5130a14b82d3ebea55d9bd3612ec27c818061ac58,reverted,0xb00f38246ea6870c2e3ed6dba9d542a9a3fb6920,PYUSD/USDG,Morpho,stable-first,0x (MetaMatcha),0x0889e9327b98d7d1be3c301a4585ff3330502c9a,0,0.1985,-0.1985,{}
ethereum,2026-08-31T11:51:47,0xa02a15572c45237d5deba3a9514a5c97fd28a95166858bf71bb995628ff51c9a,success,0xb00f38246ea6870c2e3ed6dba9d542a9a3fb6920,PYUSD/USDG,Morpho,stable-first,0x (MetaMatcha),0x0889e9327b98d7d1be3c301a4585ff3330502c9a,6.69971,0.1775,6.5222,"{""PYUSD"": 6.69971, ""USDG"": 0.0}"
ethereum,2026-08-31T13:31:59,0x72cdc0dbac9383ce775ede9d2b7e97111041b9f3e6b14ae14a827e17b0acef1e,reverted,0xb00f38246ea6870c2e3ed6dba9d542a9a3fb6920,PYUSD/USDG,Morpho,stable-first,0x (MetaMatcha),0x0889e9327b98d7d1be3c301a4585ff3330502c9a,0,0.6137,-0.6137,{}
ethereum,2026-08-31T13:58:47,0x1668d5cea754d5a425576692b4547512a484b3873b127a49acbc4fab4cc408b9,success,0xb00f38246ea6870c2e3ed6dba9d542a9a3fb6920,PYUSD/USDG,Morpho,stable-first,0x (MetaMatcha),0x0889e9327b98d7d1be3c301a4585ff3330502c9a,8.711534,0.4749,8.2366,"{""PYUSD"": 8.711534, ""USDG"": 0.0}"
ethereum,2026-08-31T14:11:23,0xd9f84842c86b8162a5206350af3961789f342697a1222df93a5f487031366b12,success,0xb00f38246ea6870c2e3ed6dba9d542a9a3fb6920,PYUSD/USDG,Morpho,stable-first,0x (MetaMatcha),0x0889e9327b98d7d1be3c301a4585ff3330502c9a,10.743565,0.8589,9.8847,"{""PYUSD"": 10.743565, ""USDG"": 0.0}"
ethereum,2026-08-31T15:03:59,0xdb5c2630274e1a5e683853270723378ae56c7de5b785bfa5829456622ad2ba9a,reverted,0xb00f38246ea6870c2e3ed6dba9d542a9a3fb6920,PYUSD/USDG,Morpho,stable-first,0x (MetaMatcha),0x0889e9327b98d7d1be3c301a4585ff3330502c9a,0,2.372,-2.372,{}
ethereum,2026-08-31T16:25:35,0x08e31d487872cbea0113b2501dc70240c17bec53c14c1cd52a1dfb4367947825,success,0xb00f38246ea6870c2e3ed6dba9d542a9a3fb6920,PYUSD/USDG,Morpho,stable-first,0x (MetaMatcha),0x0889e9327b98d7d1be3c301a4585ff3330502c9a,7.653132,0.5345,7.1186,"{""PYUSD"": 7.653132, ""USDG"": 0.0}"
ethereum,2026-08-31T18:47:23,0x56dc9ae61f7230597ca47ab232bc3ea552235b95b5a09db168f581c704c158a4,reverted,0xb00f38246ea6870c2e3ed6dba9d542a9a3fb6920,PYUSD/USDG,Morpho,stable-first,0x (MetaMatcha),0x0889e9327b98d7d1be3c301a4585ff3330502c9a,0,0.9162,-0.9162,{}
ethereum,2026-08-31T20:14:23,0x5ae837e32fc4242aa1b33deab790a09202024dfde642a59a003cafe57529b227,reverted,0xb00f38246ea6870c2e3ed6dba9d542a9a3fb6920,PYUSD/USDG,Morpho,stable-first,0x (MetaMatcha),0x0889e9327b98d7d1be3c301a4585ff3330502c9a,0,0.2479,-0.2479,{}
ethereum,2026-08-31T20:16:23,0x34c31b13a713d67be39580a3ef610ef9b2dc78a96718854c392b6d5ba29b0cad,success,0xb00f38246ea6870c2e3ed6dba9d542a9a3fb6920,PYUSD/USDG,Morpho,stable-first,0x (MetaMatcha),0x0889e9327b98d7d1be3c301a4585ff3330502c9a,5.923991,0.1928,5.7312,"{""PYUSD"": 5.923991, ""USDG"": 0.0}"
ethereum,2026-08-31T20:26:11,0x8bc6e90f008fe9bfb0e759d20f742a341bcd2020c01ba44815a3713a4ec83a59,reverted,0xb00f38246ea6870c2e3ed6dba9d542a9a3fb6920,PYUSD/USDG,Morpho,stable-first,0x (MetaMatcha),0x0889e9327b98d7d1be3c301a4585ff3330502c9a,0,0.2704,-0.2704,{}
ethereum,2026-08-31T20:27:35,0x4c00c3cdf9df9ffca6838d998ace6efd96e1b4327eab03203e249e068172a5ec,success,0xb00f38246ea6870c2e3ed6dba9d542a9a3fb6920,PYUSD/USDG,Morpho,stable-first,0x (MetaMatcha),0x0889e9327b98d7d1be3c301a4585ff3330502c9a,9.223769,0.2279,8.9959,"{""PYUSD"": 9.223769, ""USDG"": 0.0}"
ethereum,2026-08-31T20:36:47,0x18b0dca4a06215dbdca97f37cab64f677d474eb0584df9c6a6b785c47d7c9f2b,success,0xb00f38246ea6870c2e3ed6dba9d542a9a3fb6920,PYUSD/USDG,Morpho,stable-first,0x (MetaMatcha),0x0889e9327b98d7d1be3c301a4585ff3330502c9a,7.619552,0.2616,7.3579,"{""PYUSD"": 7.619552, ""USDG"": 0.0}"
ethereum,2026-08-31T20:44:59,0xbb3521223d91ed0f67f3542ffec3b77b4a3ace189d0fa1b0fd97c4b5797c9281,success,0xb00f38246ea6870c2e3ed6dba9d542a9a3fb6920,PYUSD/USDG,Morpho,stable-first,0x (MetaMatcha),0x0889e9327b98d7d1be3c301a4585ff3330502c9a,9.157171,0.2039,8.9533,"{""PYUSD"": 9.157171, ""USDG"": 0.0}"
ethereum,2026-08-31T20:55:23,0x8832ad0ae5577070d6e7d1344fc4473c608e4b684d6a6d86d75bbbf2de475a43,success,0xb00f38246ea6870c2e3ed6dba9d542a9a3fb6920,PYUSD/USDG,Morpho,stable-first,0x (MetaMatcha),0x0889e9327b98d7d1be3c301a4585ff3330502c9a,13.242709,0.2133,13.0294,"{""PYUSD"": 13.242709, ""USDG"": 0.0}"
ethereum,2026-08-31T21:06:11,0x7414d4a8ac24ac89957eaf10adfc8a6f6206faf156e3d9995d8039663475ecb7,success,0xb00f38246ea6870c2e3ed6dba9d542a9a3fb6920,PYUSD/USDG,Morpho,stable-first,0x (MetaMatcha),0x0889e9327b98d7d1be3c301a4585ff3330502c9a,12.142142,0.1888,11.9533,"{""PYUSD"": 12.142142, ""USDG"": 0.0}"
ethereum,2026-08-31T21:16:11,0x73c227dd4e7a21481be9fc0c66022a42994ac84880b9bdb702b6143f28826285,success,0xb00f38246ea6870c2e3ed6dba9d542a9a3fb6920,PYUSD/USDG,Morpho,stable-first,0x (MetaMatcha),0x0889e9327b98d7d1be3c301a4585ff3330502c9a,9.75641,0.2622,9.4942,"{""PYUSD"": 9.75641, ""USDG"": 0.0}"
ethereum,2026-08-31T21:25:23,0x268440fee5b461a26c8ae6fd1de25c78d35bea0f31dd90fbecee94e2dcc7fbc3,success,0xb00f38246ea6870c2e3ed6dba9d542a9a3fb6920,PYUSD/USDG,Morpho,stable-first,0x (MetaMatcha),0x0889e9327b98d7d1be3c301a4585ff3330502c9a,9.049219,0.1691,8.8801,"{""PYUSD"": 9.049219, ""USDG"": 0.0}"
ethereum,2026-08-31T21:35:59,0x658ab66bf33294cf5d995b3e11b511516a250728e14452c7238599e3f98bd828,reverted,0xb00f38246ea6870c2e3ed6dba9d542a9a3fb6920,PYUSD/USDG,Morpho,stable-first,0x (MetaMatcha),0x0889e9327b98d7d1be3c301a4585ff3330502c9a,0,0.251,-0.251,{}
ethereum,2026-08-31T21:37:35,0xf9b391fb1c2d7fa2e0c63b56542e960726ddaed3df87ad92e5cb4f8e3728fe20,success,0xb00f38246ea6870c2e3ed6dba9d542a9a3fb6920,PYUSD/USDG,Morpho,stable-first,0x (MetaMatcha),0x0889e9327b98d7d1be3c301a4585ff3330502c9a,7.480133,0.2356,7.2446,"{""PYUSD"": 7.480133, ""USDG"": 0.0}"
ethereum,2026-08-31T21:44:59,0x6f8b63c88f51fe7af467667ad9265d99dd04bbc053ec2c7ab957fe320e6b574a,success,0xb00f38246ea6870c2e3ed6dba9d542a9a3fb6920,PYUSD/USDG,Morpho,stable-first,0x (MetaMatcha),0x0889e9327b98d7d1be3c301a4585ff3330502c9a,7.044592,0.1597,6.8849,"{""PYUSD"": 7.044592, ""USDG"": 0.0}"
ethereum,2026-08-31T21:55:23,0xd8843f1cca2ed88882655a98aae02c757894fe6fdf5b63e6c754ced536f56579,success,0xb00f38246ea6870c2e3ed6dba9d542a9a3fb6920,PYUSD/USDG,Morpho,stable-first,0x (MetaMatcha),0x0889e9327b98d7d1be3c301a4585ff3330502c9a,7.308484,0.2171,7.0914,"{""PYUSD"": 7.308484, ""USDG"": 0.0}"
ethereum,2026-08-31T22:11:11,0x6325005adf33bf141880bf5dd47c5a62963fffeaf3cbc885bc201464ceffc1b4,success,0xb00f38246ea6870c2e3ed6dba9d542a9a3fb6920,PYUSD/USDG,Morpho,stable-first,0x (MetaMatcha),0x0889e9327b98d7d1be3c301a4585ff3330502c9a,7.313273,0.1891,7.1242,"{""PYUSD"": 7.313273, ""USDG"": 0.0}"
ethereum,2026-08-31T22:20:11,0x652546440a13af1c7d526b5a47add16fe6f6b53fbf1058772576458ce5f47090,success,0xb00f38246ea6870c2e3ed6dba9d542a9a3fb6920,PYUSD/USDG,Morpho,stable-first,0x (MetaMatcha),0x0889e9327b98d7d1be3c301a4585ff3330502c9a,8.517993,0.1337,8.3843,"{""PYUSD"": 8.517993, ""USDG"": 0.0}"
ethereum,2026-08-31T22:30:35,0x3203690f0dc04cb3a01663a6a866a3f01f78bc9718796b3fcd9f8162bc981227,success,0xb00f38246ea6870c2e3ed6dba9d542a9a3fb6920,PYUSD/USDG,Morpho,stable-first,0x (MetaMatcha),0x0889e9327b98d7d1be3c301a4585ff3330502c9a,7.703348,0.1148,7.5886,"{""PYUSD"": 7.703348, ""USDG"": 0.0}"
ethereum,2026-08-31T22:40:59,0x79c5efa02558b101efbf06192662318abfe8b3d3f656dbb8108d549142cd6856,success,0xb00f38246ea6870c2e3ed6dba9d542a9a3fb6920,PYUSD/USDG,Morpho,stable-first,0x (MetaMatcha),0x0889e9327b98d7d1be3c301a4585ff3330502c9a,6.992656,0.1313,6.8613,"{""PYUSD"": 6.992656, ""USDG"": 0.0}"
ethereum,2026-08-31T22:50:47,0x8128b89362bcd32959e668fc863a3ffb9da33da270492da788039106744c2255,success,0xb00f38246ea6870c2e3ed6dba9d542a9a3fb6920,PYUSD/USDG,Morpho,stable-first,0x (MetaMatcha),0x0889e9327b98d7d1be3c301a4585ff3330502c9a,6.572317,0.1346,6.4377,"{""PYUSD"": 6.572317, ""USDG"": 0.0}"
ethereum,2026-08-31T23:00:23,0x98ff398f818ff195d4743b8d0616b1698695d95599ff33e123a8f7b90ed62452,success,0xb00f38246ea6870c2e3ed6dba9d542a9a3fb6920,PYUSD/USDG,Morpho,stable-first,0x (MetaMatcha),0x0889e9327b98d7d1be3c301a4585ff3330502c9a,6.126215,0.1749,5.9513,"{""PYUSD"": 6.126215, ""USDG"": 0.0}"
ethereum,2026-08-31T23:12:23,0x5e7f12285b1f28215c4bc61bbbf766f9f930d74af0c27645189051e91b9c607d,success,0xb00f38246ea6870c2e3ed6dba9d542a9a3fb6920,PYUSD/USDG,Morpho,stable-first,0x (MetaMatcha),0x0889e9327b98d7d1be3c301a4585ff3330502c9a,7.12702,0.095,7.032,"{""PYUSD"": 7.12702, ""USDG"": 0.0}"
ethereum,2026-08-31T23:19:47,0x70c8aaab9376b281cfd19d781e5e8f1f7cad12746ac038e91356e8715030bcf4,success,0xb00f38246ea6870c2e3ed6dba9d542a9a3fb6920,PYUSD/USDG,Morpho,stable-first,0x (MetaMatcha),0x0889e9327b98d7d1be3c301a4585ff3330502c9a,6.359612,0.1356,6.224,"{""PYUSD"": 6.359612, ""USDG"": 0.0}"
ethereum,2026-08-31T23:29:47,0x72916404464c63c32261dddfb8b9d0f87892b0cd5f371f035b47029e24f470b3,success,0xb00f38246ea6870c2e3ed6dba9d542a9a3fb6920,PYUSD/USDG,Morpho,stable-first,0x (MetaMatcha),0x0889e9327b98d7d1be3c301a4585ff3330502c9a,5.726007,0.1724,5.5536,"{""PYUSD"": 5.726007, ""USDG"": 0.0}"
ethereum,2026-08-31T23:40:11,0x55660ceda5c2d426e3df2bd9b0222ef10625a353ec5db6188b1d98e5ba649c4f,success,0xb00f38246ea6870c2e3ed6dba9d542a9a3fb6920,PYUSD/USDG,Morpho,stable-first,0x (MetaMatcha),0x0889e9327b98d7d1be3c301a4585ff3330502c9a,6.054066,0.093,5.9611,"{""PYUSD"": 6.054066, ""USDG"": 0.0}"
ethereum,2026-08-31T23:50:47,0x77bbb4646e2e5268f499be9736f563f701552135ae85a8c1faee3c0d9843dcbf,success,0xb00f38246ea6870c2e3ed6dba9d542a9a3fb6920,PYUSD/USDG,Morpho,stable-first,0x (MetaMatcha),0x0889e9327b98d7d1be3c301a4585ff3330502c9a,5.940801,0.1296,5.8112,"{""PYUSD"": 5.940801, ""USDG"": 0.0}"
ethereum,2026-09-01T00:00:11,0xa1994ad40c4306647e2747d675b5bc2bb405e23b965c73e5665ee34474b75131,success,0xb00f38246ea6870c2e3ed6dba9d542a9a3fb6920,PYUSD/USDG,Morpho,stable-first,0x (MetaMatcha),0x0889e9327b98d7d1be3c301a4585ff3330502c9a,5.660616,0.1674,5.4932,"{""PYUSD"": 5.660616, ""USDG"": 0.0}"
ethereum,2026-09-01T00:10:23,0xd2884d43eb8d19c28f6f82d95eaa7b53e0eaf30106418e5526c82606ffb8da98,success,0xb00f38246ea6870c2e3ed6dba9d542a9a3fb6920,PYUSD/USDG,Morpho,stable-first,0x (MetaMatcha),0x0889e9327b98d7d1be3c301a4585ff3330502c9a,5.732448,0.1942,5.5383,"{""PYUSD"": 5.732448, ""USDG"": 0.0}"
ethereum,2026-09-01T06:05:59,0x307ba74dfa718037a7b5d2f80db8c5d79bbe22c5307ac7c4a8a301c09e2bb9f3,reverted,0xb00f38246ea6870c2e3ed6dba9d542a9a3fb6920,PYUSD/USDG,Morpho,stable-first,0x (MetaMatcha),0x0889e9327b98d7d1be3c301a4585ff3330502c9a,0,0.3698,-0.3698,{}
ethereum,2026-09-01T06:07:23,0x825c7cd4e91ebb7b66062f7381d3a02d8d3c700a27e3afc75d7dcb6f69f249e7,success,0xb00f38246ea6870c2e3ed6dba9d542a9a3fb6920,PYUSD/USDG,Morpho,stable-first,0x (MetaMatcha),0x0889e9327b98d7d1be3c301a4585ff3330502c9a,7.140058,0.2392,6.9008,"{""PYUSD"": 7.140058, ""USDG"": 0.0}"
ethereum,2026-09-01T12:05:35,0xc3101911923c3def05375b377f6ead889e01bec98ba15887e2bfae59ae6f8837,success,0xb00f38246ea6870c2e3ed6dba9d542a9a3fb6920,PYUSD/USDG,Morpho,stable-first,0x (MetaMatcha),0x0889e9327b98d7d1be3c301a4585ff3330502c9a,10.421864,0.2571,10.1648,"{""PYUSD"": 10.421864, ""USDG"": 0.0}"
ethereum,2026-09-01T13:08:35,0x11ab47e1c088187f959f719b94bc9adbb508de3f0e2f8a19c1bfc328d9eb55b3,reverted,0xb00f38246ea6870c2e3ed6dba9d542a9a3fb6920,USDG/PYUSD,AaveV3,stable-first,0x (MetaMatcha),0x0889e9327b98d7d1be3c301a4585ff3330502c9a,0,0.6177,-0.6177,{}
ethereum,2026-09-01T18:05:11,0x1eb7d93b8838b57b1fc36a579e1778de32bf9625bf6b98defd94eb17c343b2ae,success,0xb00f38246ea6870c2e3ed6dba9d542a9a3fb6920,PYUSD/USDG,Morpho,stable-first,0x (MetaMatcha),0x0889e9327b98d7d1be3c301a4585ff3330502c9a,9.024681,0.2834,8.7412,"{""PYUSD"": 9.024681, ""USDG"": 0.0}"
ethereum,2026-09-01T18:29:11,0x0e448202023587ad4410c14bbce0abf403a32d88188fcba651f647958feee45d,reverted,0xb00f38246ea6870c2e3ed6dba9d542a9a3fb6920,PYUSD/USDG,Morpho,dex-first,0x (MetaMatcha),0x0889e9327b98d7d1be3c301a4585ff3330502c9a,0,0.5109,-0.5109,{}
ethereum,2026-09-02T00:06:47,0xf0cb54ef0d5b42f1ec7582e89b35dc8498c2ea31d156a3cf6694a22f285ade97,reverted,0xb00f38246ea6870c2e3ed6dba9d542a9a3fb6920,PYUSD/USDG,Morpho,stable-first,0x (MetaMatcha),0x0889e9327b98d7d1be3c301a4585ff3330502c9a,0,0.0988,-0.0988,{}
ethereum,2026-09-02T00:08:11,0x3a88df3aee1b2c2fb8728982454fc400f341776aff61095863d5d9ef780e5070,success,0xb00f38246ea6870c2e3ed6dba9d542a9a3fb6920,PYUSD/USDG,Morpho,stable-first,0x (MetaMatcha),0x0889e9327b98d7d1be3c301a4585ff3330502c9a,15.625793,0.1214,15.5044,"{""PYUSD"": 15.625793, ""USDG"": 0.0}"
ethereum,2026-09-02T04:46:23,0x260c6671b64261acf6d155293a78a8d4a314b0e166bb66483f0d64f3afa50b85,success,0xb00f38246ea6870c2e3ed6dba9d542a9a3fb6920,PYUSD/USDG,Morpho,stable-first,0x (MetaMatcha),0x0889e9327b98d7d1be3c301a4585ff3330502c9a,27.246555,0.3098,26.9368,"{""PYUSD"": 27.246555, ""USDG"": 0.0}"
ethereum,2026-09-02T06:05:35,0x0235bbdaf002396cb428d767d54a39e161ed2155b1755161c43177d8eeb2aac3,success,0xb00f38246ea6870c2e3ed6dba9d542a9a3fb6920,PYUSD/USDG,Morpho,stable-first,0x (MetaMatcha),0x0889e9327b98d7d1be3c301a4585ff3330502c9a,10.448454,0.1772,10.2713,"{""PYUSD"": 10.448454, ""USDG"": 0.0}"
ethereum,2026-09-02T13:31:59,0x6d94b929603256211b38274be96874bd854a6b251922b2b032098a7a93b845d1,success,0xb00f38246ea6870c2e3ed6dba9d542a9a3fb6920,PYUSD/USDG,Morpho,stable-first,0x (MetaMatcha),0x0889e9327b98d7d1be3c301a4585ff3330502c9a,6.770438,0.23,6.5404,"{""PYUSD"": 6.770438, ""USDG"": 0.0}"
ethereum,2026-09-02T18:22:47,0x50e399a19969d5217e028f5f0a171d48a7b01d80f5805a5cf6f838aeb15ce9c4,reverted,0xb00f38246ea6870c2e3ed6dba9d542a9a3fb6920,PYUSD/USDG,Morpho,stable-first,0x (MetaMatcha),0x0889e9327b98d7d1be3c301a4585ff3330502c9a,0,0.2894,-0.2894,{}
ethereum,2026-09-02T18:24:11,0x08ac38c29dffe316b20f2e4310cf3db147dfe35935e6f1c875be8cce03c019af,success,0xb00f38246ea6870c2e3ed6dba9d542a9a3fb6920,PYUSD/USDG,Morpho,stable-first,0x (MetaMatcha),0x0889e9327b98d7d1be3c301a4585ff3330502c9a,5.978835,0.2857,5.6931,"{""PYUSD"": 5.978835, ""USDG"": 0.0}"
ethereum,2026-09-03T00:05:59,0x6305ee06273160aee3399a8f3636d938e4dd78bd7e79d8e237ac455b14e5dbbd,success,0xb00f38246ea6870c2e3ed6dba9d542a9a3fb6920,PYUSD/USDG,Morpho,stable-first,0x (MetaMatcha),0x0889e9327b98d7d1be3c301a4585ff3330502c9a,13.484506,0.1075,13.377,"{""PYUSD"": 13.484506, ""USDG"": 0.0}"
ethereum,2026-09-03T11:19:59,0x06e2e4c06f6ea14e6b4f0eb504df44cf8511684ac669c7ef6f348a1d69a71ef5,success,0xb00f38246ea6870c2e3ed6dba9d542a9a3fb6920,PYUSD/USDG,Morpho,stable-first,0x (MetaMatcha),0x0889e9327b98d7d1be3c301a4585ff3330502c9a,6.60095,0.276,6.3249,"{""PYUSD"": 6.60095, ""USDG"": 0.0}"
ethereum,2026-09-03T12:15:23,0x1ad273e9ed38124cfd6c959318e37fde73e337535747f29052ba87b48e1d2a03,success,0xb00f38246ea6870c2e3ed6dba9d542a9a3fb6920,PYUSD/USDG,Morpho,stable-first,0x (MetaMatcha),0x0889e9327b98d7d1be3c301a4585ff3330502c9a,5.786029,0.1563,5.6297,"{""PYUSD"": 5.786029, ""USDG"": 0.0}"
ethereum,2026-09-03T18:25:59,0x2521ad9f46455100fd4cc17d0ebcedd3e288758b5bbae7858d7788f0558986e1,success,0xb00f38246ea6870c2e3ed6dba9d542a9a3fb6920,PYUSD/USDG,Morpho,stable-first,0x (MetaMatcha),0x0889e9327b98d7d1be3c301a4585ff3330502c9a,6.188246,0.2433,5.945,"{""PYUSD"": 6.188246, ""USDG"": 0.0}"
ethereum,2026-09-04T00:05:35,0xefd1a9ae99ddf0cb8c4b23f3f3acb54f6015ff32e15e4eab867b78415244061d,success,0xb00f38246ea6870c2e3ed6dba9d542a9a3fb6920,PYUSD/USDG,Morpho,stable-first,0x (MetaMatcha),0x0889e9327b98d7d1be3c301a4585ff3330502c9a,7.609926,0.1203,7.4896,"{""PYUSD"": 7.609926, ""USDG"": 0.0}"
ethereum,2026-09-04T06:13:35,0x6254ce1ba170abdb876e42d35374c3e813eb9d3e08bcc4893d05d762a6651b21,reverted,0xb00f38246ea6870c2e3ed6dba9d542a9a3fb6920,PYUSD/USDG,Morpho,stable-first,0x (MetaMatcha),0x0889e9327b98d7d1be3c301a4585ff3330502c9a,0,0.337,-0.337,{}
ethereum,2026-09-04T06:47:59,0xb0d70146c1c126b7ba9532a932f86a0bf8efaffeaab6dc420bbef73d7dca2c2d,reverted,0xb00f38246ea6870c2e3ed6dba9d542a9a3fb6920,PYUSD/USDG,Morpho,stable-first,0x (MetaMatcha),0x0889e9327b98d7d1be3c301a4585ff3330502c9a,0,0.1441,-0.1441,{}
ethereum,2026-09-04T06:51:11,0x2dcab6e62b25c1ba3535805406c73a26f6e700fbd81cf965f69845a682ef2cd6,reverted,0xb00f38246ea6870c2e3ed6dba9d542a9a3fb6920,PYUSD/USDG,Morpho,stable-first,0x (MetaMatcha),0x0889e9327b98d7d1be3c301a4585ff3330502c9a,0,0.1454,-0.1454,{}
ethereum,2026-09-04T06:53:59,0x0fe7eeb526c2755ed7cb4cbab9830b56552bf3f0fc28e731c386f6b9b68efe95,success,0xb00f38246ea6870c2e3ed6dba9d542a9a3fb6920,PYUSD/USDG,Morpho,stable-first,0x (MetaMatcha),0x0889e9327b98d7d1be3c301a4585ff3330502c9a,5.936171,0.1451,5.791,"{""PYUSD"": 5.936171, ""USDG"": 0.0}"
ethereum,2026-09-04T12:54:23,0x95ee12ef117a94ed65b0bbd55888203aec5c6249be5567c78c3768a9e55c0e47,reverted,0xb00f38246ea6870c2e3ed6dba9d542a9a3fb6920,PYUSD/USDG,Morpho,stable-first,0x (MetaMatcha),0x0889e9327b98d7d1be3c301a4585ff3330502c9a,0,0.5831,-0.5831,{}
ethereum,2026-09-04T15:23:47,0x59b701616084a16048ecd416081154ca8135ae4463f31d84bf62746ba27604a9,success,0xb00f38246ea6870c2e3ed6dba9d542a9a3fb6920,PYUSD/USDG,Morpho,stable-first,0x (MetaMatcha),0x0889e9327b98d7d1be3c301a4585ff3330502c9a,6.697834,0.501,6.1968,"{""PYUSD"": 6.697834, ""USDG"": 0.0}"
ethereum,2026-09-04T18:20:59,0xfeaa8c48f737f6d7e69e120adf298d50ad72fb60b55c7ba7cd4be79a949f72a5,success,0xb00f38246ea6870c2e3ed6dba9d542a9a3fb6920,PYUSD/USDG,Morpho,stable-first,0x (MetaMatcha),0x0889e9327b98d7d1be3c301a4585ff3330502c9a,6.295405,0.2406,6.0548,"{""PYUSD"": 6.295405, ""USDG"": 0.0}"
ethereum,2026-09-05T07:08:35,0x5d31e09f7ea7463495f661669d22fdf4298672d607f576a9e27df418047b1e7c,success,0xb00f38246ea6870c2e3ed6dba9d542a9a3fb6920,PYUSD/USDG,Morpho,stable-first,0x (MetaMatcha),0x0889e9327b98d7d1be3c301a4585ff3330502c9a,4.931233,0.0847,4.8465,"{""PYUSD"": 4.931233, ""USDG"": 0.0}"
ethereum,2026-09-05T13:44:11,0xa8f09c882d00b23caef5525404c7403d148a532b26ba3adfdd6273ac878f9343,reverted,0xb00f38246ea6870c2e3ed6dba9d542a9a3fb6920,PYUSD/USDG,Morpho,stable-first,0x (MetaMatcha),0x0889e9327b98d7d1be3c301a4585ff3330502c9a,0,0.1583,-0.1583,{}
ethereum,2026-09-05T13:47:35,0x5c68cbe23620e8bcfc01067c5cfe74ca963b9251f4091f5d40142c19641bed20,success,0xb00f38246ea6870c2e3ed6dba9d542a9a3fb6920,PYUSD/USDG,Morpho,stable-first,0x (MetaMatcha),0x0889e9327b98d7d1be3c301a4585ff3330502c9a,4.561001,0.1613,4.3997,"{""PYUSD"": 4.561001, ""USDG"": 0.0}"
ethereum,2026-09-05T17:17:11,0x026a63e82cde3104102837dc7df54c080efe149b256f218c21dd40c1a131efd9,reverted,0xb00f38246ea6870c2e3ed6dba9d542a9a3fb6920,PYUSD/USDG,Morpho,dex-first,0x (MetaMatcha),0x0889e9327b98d7d1be3c301a4585ff3330502c9a,0,0.2744,-0.2744,{}
ethereum,2026-09-05T21:13:47,0x25390ee56e92a1ceaa960b30a2fa8a8aed309594a1f83e4caf1b81c96ad58904,success,0xb00f38246ea6870c2e3ed6dba9d542a9a3fb6920,PYUSD/USDG,Morpho,stable-first,0x (MetaMatcha),0x0889e9327b98d7d1be3c301a4585ff3330502c9a,4.800236,0.0914,4.7088,"{""PYUSD"": 4.800236, ""USDG"": 0.0}"
ethereum,2026-09-06T00:05:47,0x4c48ca12934d7b591a4206a57decfa10b41a1757a00ac1e0ebf4fdd35f4f8fba,success,0xb00f38246ea6870c2e3ed6dba9d542a9a3fb6920,PYUSD/USDG,Morpho,stable-first,0x (MetaMatcha),0x0889e9327b98d7d1be3c301a4585ff3330502c9a,4.312336,0.0962,4.2161,"{""PYUSD"": 4.312336, ""USDG"": 0.0}"
ethereum,2026-09-06T01:40:47,0x731556ee02657c92380d3a2ddc985d8cd5e29f73ad5b0fe488b08e15dc4f3f17,reverted,0xb00f38246ea6870c2e3ed6dba9d542a9a3fb6920,PYUSD/USDG,Morpho,dex-first,0x (MetaMatcha),0x0889e9327b98d7d1be3c301a4585ff3330502c9a,0,0.2348,-0.2348,{}
ethereum,2026-09-06T06:48:35,0x8c8234528eb66ab367edc32d99f29ce68fa064608e665a1de6864c9fddd935ca,success,0xb00f38246ea6870c2e3ed6dba9d542a9a3fb6920,PYUSD/USDG,Morpho,dex-first,0x (MetaMatcha),0x0889e9327b98d7d1be3c301a4585ff3330502c9a,7.146996,0.1801,6.9669,"{""PYUSD"": 7.146996, ""USDG"": 0.0}"
ethereum,2026-09-06T07:15:47,0x1b1be5ee7dc73123c58f264e6af46413fb22624f2ec160746780ec2b7c414abd,success,0xb00f38246ea6870c2e3ed6dba9d542a9a3fb6920,PYUSD/USDG,Morpho,dex-first,0x (MetaMatcha),0x0889e9327b98d7d1be3c301a4585ff3330502c9a,8.51192,0.3419,8.17,"{""PYUSD"": 8.51192, ""USDG"": 0.0}"
ethereum,2026-09-06T12:11:59,0xd3fabea84400255070caba3aa5af7f15e6081c9df1e9b3198f43e38bc97cf485,success,0xb00f38246ea6870c2e3ed6dba9d542a9a3fb6920,PYUSD/USDG,Morpho,stable-first,0x (MetaMatcha),0x0889e9327b98d7d1be3c301a4585ff3330502c9a,4.507011,0.1616,4.3454,"{""PYUSD"": 4.507011, ""USDG"": 0.0}"
ethereum,2026-09-06T18:02:47,0x838c203e60eea885e99323c08e5d12c72ab65ea5bb9d273128e1c8decd8dea5f,success,0xb00f38246ea6870c2e3ed6dba9d542a9a3fb6920,PYUSD/USDG,Morpho,dex-first,0x (MetaMatcha),0x0889e9327b98d7d1be3c301a4585ff3330502c9a,5.68216,0.2599,5.4223,"{""PYUSD"": 5.68216, ""USDG"": 0.0}"
ethereum,2026-09-06T19:29:59,0x6bdf8b74fba17af81996cca101842fa3c153100c6f1b8a8ac8c219e0b0235160,reverted,0xb00f38246ea6870c2e3ed6dba9d542a9a3fb6920,PYUSD/USDG,Morpho,stable-first,0x (MetaMatcha),0x0889e9327b98d7d1be3c301a4585ff3330502c9a,0,0.2133,-0.2133,{}
ethereum,2026-09-06T19:35:11,0x02f72c68340fd7a0d399b0b5ffbf02acd5a987d632f7de29af3d2b3a101e3086,success,0xb00f38246ea6870c2e3ed6dba9d542a9a3fb6920,PYUSD/USDG,Morpho,stable-first,0x (MetaMatcha),0x0889e9327b98d7d1be3c301a4585ff3330502c9a,19.186356,0.1857,19.0007,"{""PYUSD"": 19.186356, ""USDG"": 0.0}"
ethereum,2026-09-06T19:46:11,0x0711c7c556fdd6ac3ae87e250b7d7b38f123257e667c84ff863babee772452cd,reverted,0xb00f38246ea6870c2e3ed6dba9d542a9a3fb6920,PYUSD/USDG,Morpho,stable-first,0x (MetaMatcha),0x0889e9327b98d7d1be3c301a4585ff3330502c9a,0,0.249,-0.249,{}
ethereum,2026-09-06T19:52:23,0xb42aa71bf7778c53de5b83c3f2ddded21566c1b6684987b86d74c9c37bb549fb,success,0xb00f38246ea6870c2e3ed6dba9d542a9a3fb6920,PYUSD/USDG,Morpho,stable-first,0x (MetaMatcha),0x0889e9327b98d7d1be3c301a4585ff3330502c9a,18.30692,0.1353,18.1716,"{""PYUSD"": 18.30692, ""USDG"": 0.0}"
ethereum,2026-09-06T21:10:59,0xd2542aecce05475c044db91e12e87813984fdd71b15b0868fa156ed5e4102467,success,0xb00f38246ea6870c2e3ed6dba9d542a9a3fb6920,PYUSD/USDG,Morpho,stable-first,0x (MetaMatcha),0x0889e9327b98d7d1be3c301a4585ff3330502c9a,4.759589,0.1604,4.5992,"{""PYUSD"": 4.759589, ""USDG"": 0.0}"
ethereum,2026-09-07T01:18:47,0xde65fc39ef51c888928053837a7ded1bb81a24d26d3a112c38e0a9d19de7e2dc,reverted,0xb00f38246ea6870c2e3ed6dba9d542a9a3fb6920,PYUSD/USDG,Morpho,stable-first,0x (MetaMatcha),0x0889e9327b98d7d1be3c301a4585ff3330502c9a,0,0.117,-0.117,{}
ethereum,2026-09-07T01:19:59,0x968694dbdd4e6c9bb477c27e8907e042ff891f30cbf4e9d7452580ce3b986dbb,success,0xb00f38246ea6870c2e3ed6dba9d542a9a3fb6920,PYUSD/USDG,Morpho,stable-first,0x (MetaMatcha),0x0889e9327b98d7d1be3c301a4585ff3330502c9a,8.12724,0.0971,8.0301,"{""PYUSD"": 8.12724, ""USDG"": 0.0}"
ethereum,2026-09-09T07:10:59,0xddad7a785f0c5a4f71a60201cd78d3cbc6e3cd0ce492cc1740a0def83c170d7f,reverted,0xb00f38246ea6870c2e3ed6dba9d542a9a3fb6920,USDG/USDC,AaveV3,stable-first,0x (MetaMatcha),0x0889e9327b98d7d1be3c301a4585ff3330502c9a,0,0.3485,-0.3485,{}
ethereum,2026-09-09T13:00:47,0x394d169fa3bb204333c6c5cec5f6ab326d9e731c17d9a2bf45bc9bbae6962d71,success,0xb00f38246ea6870c2e3ed6dba9d542a9a3fb6920,PYUSD/USDG,Morpho,dex-first,0x (MetaMatcha),0x0889e9327b98d7d1be3c301a4585ff3330502c9a,25.10371,0.9722,24.1315,"{""PYUSD"": 25.10371, ""USDG"": 0.0}"
ethereum,2026-09-09T15:34:11,0xe595e2565b3e720f0ddc9c92e081ebeadb8498c2e3e3e59246a0d2986c4696d3,success,0xb00f38246ea6870c2e3ed6dba9d542a9a3fb6920,PYUSD/USDG,Morpho,dex-first,0x (MetaMatcha),0x0889e9327b98d7d1be3c301a4585ff3330502c9a,11.238491,0.6938,10.5447,"{""PYUSD"": 11.238491, ""USDG"": 0.0}"
ethereum,2026-09-09T16:05:47,0x2c85b886927a00f6f7ec937aee47805d1c80ca6f6c20806d871ba6d82ce5cc62,success,0xb00f38246ea6870c2e3ed6dba9d542a9a3fb6920,PYUSD/USDG,Morpho,dex-first,0x (MetaMatcha),0x0889e9327b98d7d1be3c301a4585ff3330502c9a,5.51839,0.3952,5.1232,"{""PYUSD"": 5.51839, ""USDG"": 0.0}"
ethereum,2026-09-09T19:51:47,0xbf2cc8450781dfd23cd25a22116c4bff994b37fecec87e9c9c9ce8ad1239449f,reverted,0xb00f38246ea6870c2e3ed6dba9d542a9a3fb6920,PYUSD/USDG,Morpho,dex-first,0x (MetaMatcha),0x0889e9327b98d7d1be3c301a4585ff3330502c9a,0,0.3366,-0.3366,{}
ethereum,2026-09-09T19:54:35,0x6ce40927665fe3eb1393a9fefd58bc1c1e260dc1f22ac5e35d09155ab6dab049,reverted,0xb00f38246ea6870c2e3ed6dba9d542a9a3fb6920,PYUSD/USDG,Morpho,dex-first,0x (MetaMatcha),0x0889e9327b98d7d1be3c301a4585ff3330502c9a,0,0.1812,-0.1812,{}
ethereum,2026-09-09T19:56:11,0xfcb01ef7537470527bd28c9dc1da94ebfd471209329fd57ca5b28a132cc9f1fc,success,0xb00f38246ea6870c2e3ed6dba9d542a9a3fb6920,PYUSD/USDG,Morpho,dex-first,0x (MetaMatcha),0x0889e9327b98d7d1be3c301a4585ff3330502c9a,6.242728,0.2274,6.0154,"{""PYUSD"": 6.242728, ""USDG"": 0.0}"
ethereum,2026-09-09T20:08:35,0x7b1729dfc34332e93eb278cdab5802e66810e0037be66f69d13ca5fc9da3fbde,success,0xb00f38246ea6870c2e3ed6dba9d542a9a3fb6920,PYUSD/USDG,Morpho,dex-first,0x (MetaMatcha),0x0889e9327b98d7d1be3c301a4585ff3330502c9a,6.561133,0.1446,6.4165,"{""PYUSD"": 6.561133, ""USDG"": 0.0}"
ethereum,2026-09-09T20:28:59,0x36397dda0d93b0e1cc33322283dc472bb9230483dafb5116c4ac2f972447fab8,success,0xb00f38246ea6870c2e3ed6dba9d542a9a3fb6920,PYUSD/USDG,Morpho,dex-first,0x (MetaMatcha),0x0889e9327b98d7d1be3c301a4585ff3330502c9a,5.19582,0.1166,5.0793,"{""PYUSD"": 5.19582, ""USDG"": 0.0}"
ethereum,2026-09-10T10:13:23,0x77e5a3f9d7e26503b7b0b2bd563f9cf2c3ffb16cf723053b3ada1d792609d97a,success,0xb00f38246ea6870c2e3ed6dba9d542a9a3fb6920,PYUSD/USDG,Morpho,dex-first,0x (MetaMatcha),0x0889e9327b98d7d1be3c301a4585ff3330502c9a,6.232571,0.1309,6.1016,"{""PYUSD"": 6.232571, ""USDG"": 0.0}"
ethereum,2026-09-15T06:45:59,0x2c741c9dc542aa1a6f0ef68bf8fef40b759a890c6ae8a28a5c01e495d53bcc1f,success,0x4c34a5bf436ef3fa145e57ce161b600e52ded7d9,,,,0x (MetaMatcha),0x0889e9327b98d7d1be3c301a4585ff3330502c9a,5.660552,0.1278,5.5328,"{""PYUSD"": 5.660552, ""USDG"": 0.0}"
ethereum,2026-09-15T18:39:35,0x13b52b42a57cd344f6106e66158237854ced5b728b3585a910bb5b0cc1ab8866,reverted,0x9d3f9382e2f01375432590913b89974e4c5e18d9,PYUSD/USDG,Morpho,stable-first,0x (MetaMatcha),0x0889e9327b98d7d1be3c301a4585ff3330502c9a,0,1.0019,-1.0019,{}
ethereum,2026-09-16T00:47:11,0xed4eb0fd4604fa1aa535d98a7c5befb3ab09092458445b2e8c80a6c312b6a9b5,success,0x9d3f9382e2f01375432590913b89974e4c5e18d9,PYUSD/USDG,Morpho,dex-first,0x (MetaMatcha),0x0889e9327b98d7d1be3c301a4585ff3330502c9a,8.981415,0.128,8.8534,"{""PYUSD"": 8.981415, ""USDG"": 0.0}"
ethereum,2026-09-16T06:27:59,0x5d99fc7a82d270e30b5a56bef0042940daeb95394228598ae69eff9ab9938de9,success,0x9d3f9382e2f01375432590913b89974e4c5e18d9,PYUSD/USDG,Morpho,dex-first,0x (MetaMatcha),0x0889e9327b98d7d1be3c301a4585ff3330502c9a,8.583259,0.1733,8.4099,"{""PYUSD"": 8.583259, ""USDG"": 0.0}"
ethereum,2026-09-16T12:09:47,0x7e1f6b2ea103b058a99f3be34a8ea698a046dcadd9cbcb8d660509f27776f031,success,0x9d3f9382e2f01375432590913b89974e4c5e18d9,PYUSD/USDG,Morpho,dex-first,0x (MetaMatcha),0x0889e9327b98d7d1be3c301a4585ff3330502c9a,5.348229,0.4559,4.8923,"{""PYUSD"": 5.348229, ""USDG"": 0.0}"
ethereum,2026-09-16T18:54:47,0x24c79b40c3b6ff3062e9a6492415a98fca4c48ffa439fcba41340882aec2fe3e,success,0x9d3f9382e2f01375432590913b89974e4c5e18d9,PYUSD/USDG,Morpho,dex-first,0x (MetaMatcha),0x666fedd4cdd4e890a5ad20e7b60975409435a64a,9.756596,0.9162,8.8404,"{""PYUSD"": 9.756596, ""USDG"": 0.0}"
ethereum,2026-09-17T01:36:23,0xa67ff11a4f0ef558fd1d32501df8581ccd0d3989d9e80c6a09ef0b4def3b9ef8,success,0x9d3f9382e2f01375432590913b89974e4c5e18d9,PYUSD/USDG,Morpho,dex-first,0x (MetaMatcha),0x0889e9327b98d7d1be3c301a4585ff3330502c9a,8.170825,0.319,7.8518,"{""PYUSD"": 8.170825, ""USDG"": 0.0}"
ethereum,2026-09-17T06:11:47,0xdfeb60e1c418a98dcda48e3c7cfa5389703bd15c2f968d56eb33efb79f4760b2,reverted,0x9d3f9382e2f01375432590913b89974e4c5e18d9,PYUSD/USDG,Morpho,dex-first,0x (MetaMatcha),0x666fedd4cdd4e890a5ad20e7b60975409435a64a,0,0.077,-0.077,{}
ethereum,2026-09-17T09:27:35,0x1f21a9ba3eabc8ae68f09a1f02d1b94033f5c64107a31d243fab2c03eb54773f,success,0x9d3f9382e2f01375432590913b89974e4c5e18d9,PYUSD/USDG,Morpho,dex-first,0x (MetaMatcha),0x0889e9327b98d7d1be3c301a4585ff3330502c9a,15.232566,0.7728,14.4597,"{""PYUSD"": 15.232566, ""USDG"": 0.0}"
ethereum,2026-09-17T18:44:59,0xc0626b2761d12a45f710698c737500b1224335425fcaa958f680de80fe256a1e,reverted,0x9d3f9382e2f01375432590913b89974e4c5e18d9,PYUSD/USDG,Morpho,dex-first,0x (MetaMatcha),0x0889e9327b98d7d1be3c301a4585ff3330502c9a,0,0.2348,-0.2348,{}
ethereum,2026-09-17T18:48:35,0x5d28c7fc72eb1e771e7adb4330648d146d22cc108d2264cbdf29755fcfce7440,success,0x9d3f9382e2f01375432590913b89974e4c5e18d9,PYUSD/USDG,Morpho,dex-first,0x (MetaMatcha),0x666fedd4cdd4e890a5ad20e7b60975409435a64a,5.789091,0.2453,5.5438,"{""PYUSD"": 5.789091, ""USDG"": 0.0}"
ethereum,2026-09-17T22:34:47,0xd440f9d707037b0463dfb4ed27082bc1d211b7e86002dff3629231e29a19c75a,reverted,0x9d3f9382e2f01375432590913b89974e4c5e18d9,PYUSD/USDG,Morpho,stable-first,0x (MetaMatcha),0x0889e9327b98d7d1be3c301a4585ff3330502c9a,0,0.0157,-0.0157,{}
ethereum,2026-09-18T02:40:59,0xabcc79f245e4c51e22f4a3f0a4da4607e142e6da59ad863b5dac369d1be869d8,success,0x9d3f9382e2f01375432590913b89974e4c5e18d9,PYUSD/USDG,Morpho,stable-first,0x (MetaMatcha),0x0889e9327b98d7d1be3c301a4585ff3330502c9a,6.183837,0.1788,6.005,"{""PYUSD"": 6.183837, ""USDG"": 0.0}"
ethereum,2026-09-18T03:36:47,0x072026df2463aa8d700430334913df38a3399a93e7e422177169bba52329868c,success,0x9d3f9382e2f01375432590913b89974e4c5e18d9,PYUSD/USDG,Morpho,stable-first,0x (MetaMatcha),0x0889e9327b98d7d1be3c301a4585ff3330502c9a,5.60282,0.2614,5.3415,"{""PYUSD"": 5.60282, ""USDG"": 0.0}"
ethereum,2026-09-18T06:38:35,0x5a0e91513ef8e42e38541e7681d27835cf2dd82fa611d9107e4123de6f134470,reverted,0x9d3f9382e2f01375432590913b89974e4c5e18d9,PYUSD/USDG,Morpho,dex-first,0x (MetaMatcha),0x0889e9327b98d7d1be3c301a4585ff3330502c9a,0,0.2315,-0.2315,{}
ethereum,2026-09-18T06:46:35,0xd1c20645d2ddd08888edd8376598a5a08f8648a09a760a8b0531a05ab443c2d7,reverted,0x9d3f9382e2f01375432590913b89974e4c5e18d9,PYUSD/USDG,Morpho,dex-first,0x (MetaMatcha),0x0889e9327b98d7d1be3c301a4585ff3330502c9a,0,0.2349,-0.2349,{}
ethereum,2026-09-18T06:53:11,0x4ffe543a8e126d9f7e227806b0b0595a4a003b80261d7d4f1cdfcace022fcaf5,reverted,0x9d3f9382e2f01375432590913b89974e4c5e18d9,PYUSD/USDG,Morpho,dex-first,0x (MetaMatcha),0x0889e9327b98d7d1be3c301a4585ff3330502c9a,0,0.1308,-0.1308,{}
ethereum,2026-09-18T07:02:47,0x26cbf241fb21135f1db9b2ee496d612820ee70b07d54f115b18088046b0951a8,success,0x9d3f9382e2f01375432590913b89974e4c5e18d9,PYUSD/USDG,Morpho,dex-first,0x (MetaMatcha),0x0889e9327b98d7d1be3c301a4585ff3330502c9a,8.65775,0.1596,8.4981,"{""PYUSD"": 8.65775, ""USDG"": 0.0}"
ethereum,2026-09-18T08:03:47,0xf35f9d44075a9697101120410939d28ff40af468d623feab05da025df149c371,reverted,0x9d3f9382e2f01375432590913b89974e4c5e18d9,PYUSD/USDG,Morpho,dex-first,0x (MetaMatcha),0x0889e9327b98d7d1be3c301a4585ff3330502c9a,0,0.2997,-0.2997,{}
ethereum,2026-09-18T08:14:35,0x6af240890ebea19e9689c87362f159be53afd00fbab657cea8246671865aff0b,reverted,0x9d3f9382e2f01375432590913b89974e4c5e18d9,PYUSD/USDG,Morpho,dex-first,0x (MetaMatcha),0x0889e9327b98d7d1be3c301a4585ff3330502c9a,0,0.3193,-0.3193,{}
ethereum,2026-09-18T14:11:59,0x02dd3cb4e7e53f44b910033f3adbd612b0f545ebdc0d86db4d148f8506e3c57e,reverted,0x9d3f9382e2f01375432590913b89974e4c5e18d9,USDC/USDG,Morpho,stable-first,0x (MetaMatcha),0x0889e9327b98d7d1be3c301a4585ff3330502c9a,0,0.3658,-0.3658,{}
ethereum,2026-09-18T19:12:23,0x3b8270cf742b8960bdc28ae8aea3d814b48a9b8fa8da00180976f1448009182c,success,0x9d3f9382e2f01375432590913b89974e4c5e18d9,PYUSD/USDG,Morpho,dex-first,0x (MetaMatcha),0x0889e9327b98d7d1be3c301a4585ff3330502c9a,11.761634,0.6589,11.1028,"{""PYUSD"": 7.272799, ""USDG"": 4.488835}"
ethereum,2026-09-19T02:06:59,0x6c8c10af167658564395c0f7886642621b6a7d822a35fec7f3f8156388b959ca,success,0x9d3f9382e2f01375432590913b89974e4c5e18d9,PYUSD/USDG,Morpho,dex-first,0x (MetaMatcha),0x0889e9327b98d7d1be3c301a4585ff3330502c9a,4.885468,0.2295,4.6559,"{""PYUSD"": 4.885468, ""USDG"": 0.0}"
ethereum,2026-09-19T06:10:11,0x8738af7e283ca8e7bb574144c39b79d854caebfd7dd5ca9f5e3ca98552aa804d,success,0x9d3f9382e2f01375432590913b89974e4c5e18d9,PYUSD/USDG,Morpho,dex-first,0x (MetaMatcha),0x0889e9327b98d7d1be3c301a4585ff3330502c9a,5.970706,0.1462,5.8245,"{""PYUSD"": 5.970706, ""USDG"": 0.0}"
ethereum,2026-09-19T12:13:11,0xb4049de079d05ed57fe9dd69976dacfaa84c9f41ee3b006183c1aa5947fb1746,success,0x9d3f9382e2f01375432590913b89974e4c5e18d9,PYUSD/USDG,Morpho,dex-first,0x (MetaMatcha),0x0889e9327b98d7d1be3c301a4585ff3330502c9a,7.580292,0.3632,7.2171,"{""PYUSD"": 7.580292, ""USDG"": 0.0}"
ethereum,2026-09-20T20:27:11,0x9aeafb48a53a329fbb54fb686f7257ab946ac9d86e23ecb4153c67a5339c198e,reverted,0x9d3f9382e2f01375432590913b89974e4c5e18d9,PYUSD/USDG,Morpho,stable-first,0x (MetaMatcha),0x0889e9327b98d7d1be3c301a4585ff3330502c9a,0,0.1896,-0.1896,{}
ethereum,2026-09-21T11:14:35,0xd7a5639eeb2941a41fa02954acf3b5a2b401d705b97ae953fb4d1a899854320f,success,0x9d3f9382e2f01375432590913b89974e4c5e18d9,PYUSD/USDG,Morpho,dex-first,0x (MetaMatcha),0x0889e9327b98d7d1be3c301a4585ff3330502c9a,7.181871,0.7478,6.4341,"{""PYUSD"": 7.181871, ""USDG"": 0.0}"
ethereum,2026-09-21T12:18:47,0x0b5adc161ef3b0e1bbf59b8e42c2901efc3a1a50582c06af6e172ffd5fb0d807,reverted,0x9d3f9382e2f01375432590913b89974e4c5e18d9,PYUSD/USDG,Morpho,dex-first,0x (MetaMatcha),0x0889e9327b98d7d1be3c301a4585ff3330502c9a,0,0.5741,-0.5741,{}
ethereum,2026-09-21T12:41:59,0x1e6996d6a0cad38025cac740cca4c1c6aac9568acdf8f09010527754494dda46,success,0x9d3f9382e2f01375432590913b89974e4c5e18d9,PYUSD/USDG,Morpho,dex-first,0x (MetaMatcha),0x0889e9327b98d7d1be3c301a4585ff3330502c9a,10.79824,1.1543,9.6439,"{""PYUSD"": 10.79824, ""USDG"": 0.0}"
ethereum,2026-09-22T02:19:11,0x3f5a4271e61c2ac02dfbcac19086d312783693985e620f47fa602ba5e8c8f29f,success,0xb00f38246ea6870c2e3ed6dba9d542a9a3fb6920,PYUSD/USDG,Morpho,dex-first,0x (MetaMatcha),0x0889e9327b98d7d1be3c301a4585ff3330502c9a,7.305832,0.3116,6.9942,"{""PYUSD"": 7.305821, ""USDG"": 1.1e-05}"
ethereum,2026-09-22T02:37:11,0xd851bb3979d5a99c06493dc89e338fd9f9c7163af659f2d0cf04523b2688593c,success,0xb00f38246ea6870c2e3ed6dba9d542a9a3fb6920,PYUSD/USDG,Morpho,dex-first,0x (MetaMatcha),0x0889e9327b98d7d1be3c301a4585ff3330502c9a,5.69784,0.2445,5.4534,"{""PYUSD"": 5.69784, ""USDG"": 0.0}"
ethereum,2026-09-22T06:13:23,0x62b14019f63594025eb50e81f29b53890e5575355bd1e62e65091ee3d28dd086,success,0xb00f38246ea6870c2e3ed6dba9d542a9a3fb6920,PYUSD/USDG,Morpho,dex-first,0x (MetaMatcha),0x0889e9327b98d7d1be3c301a4585ff3330502c9a,4.75926,0.2423,4.517,"{""PYUSD"": 4.75926, ""USDG"": 0.0}"
ethereum,2026-09-22T14:28:35,0xf907f089598847e148e9a53369349b3ef99c8fd98e38f993dc4b8fb7c4cd2fcd,success,0xb00f38246ea6870c2e3ed6dba9d542a9a3fb6920,PYUSD/USDG,Morpho,dex-first,0x (MetaMatcha),0x0889e9327b98d7d1be3c301a4585ff3330502c9a,5.913701,0.5307,5.383,"{""PYUSD"": 5.913701, ""USDG"": 0.0}"
ethereum,2026-09-22T17:07:23,0x8d66b8310a9af075a8720d4ac9e200af674312aeb5cd7c2a182d49e9c7f789ad,success,0xb00f38246ea6870c2e3ed6dba9d542a9a3fb6920,USDC/PYUSD,Morpho,dex-first,0x (MetaMatcha),0x0889e9327b98d7d1be3c301a4585ff3330502c9a,10.843122,0.417,10.4261,"{""USDC"": 10.843122, ""PYUSD"": 0.0}"
ethereum,2026-09-22T17:34:11,0x7837497a86857daaea701fbf5cac56b82234723af3b34e9407cbeb8549ebe836,reverted,0xb00f38246ea6870c2e3ed6dba9d542a9a3fb6920,PYUSD/USDG,Morpho,stable-first,0x (MetaMatcha),0x0889e9327b98d7d1be3c301a4585ff3330502c9a,0,1.3165,-1.3165,{}
ethereum,2026-09-22T20:17:59,0x12bdb63f3ae2106f97fc6cd9f5690269fb24d5dcdf532eb48769a31f18a47d02,success,0xb00f38246ea6870c2e3ed6dba9d542a9a3fb6920,PYUSD/USDG,Morpho,dex-first,0x (MetaMatcha),0x0889e9327b98d7d1be3c301a4585ff3330502c9a,6.002703,0.4063,5.5964,"{""PYUSD"": 6.002703, ""USDG"": 0.0}"
ethereum,2026-09-23T02:26:59,0xf8126f245ac447398f43105ff758201619a92676d372674d54da63a9e1667e56,reverted,0xb00f38246ea6870c2e3ed6dba9d542a9a3fb6920,PYUSD/USDG,Morpho,dex-first,0x (MetaMatcha),0x0889e9327b98d7d1be3c301a4585ff3330502c9a,0,0.1403,-0.1403,{}
ethereum,2026-09-23T02:33:35,0x25e499fffaf9fb84b6f354ea8b109d52be53e9d63cc722d7849c9287a5adc985,success,0xb00f38246ea6870c2e3ed6dba9d542a9a3fb6920,PYUSD/USDG,Morpho,dex-first,0x (MetaMatcha),0x0889e9327b98d7d1be3c301a4585ff3330502c9a,5.8053,0.145,5.6603,"{""PYUSD"": 5.8053, ""USDG"": 0.0}"
ethereum,2026-09-23T08:54:47,0xb8b6a994cbbaf722fe38d95d1dcd6e19b3da94bdf2cfed2c14a63cdf4cd1f7c0,reverted,0xb00f38246ea6870c2e3ed6dba9d542a9a3fb6920,PYUSD/USDG,Morpho,stable-first,0x (MetaMatcha),0x0889e9327b98d7d1be3c301a4585ff3330502c9a,0,1.0175,-1.0175,{}
ethereum,2026-09-23T10:11:11,0xe56e7aa362b0a5b6066f7cea0d561ad2bb7590b5d0740f26e90e5c62d2f88437,reverted,0xb00f38246ea6870c2e3ed6dba9d542a9a3fb6920,PYUSD/USDG,Morpho,stable-first,0x (MetaMatcha),0x0889e9327b98d7d1be3c301a4585ff3330502c9a,0,1.2173,-1.2173,{}
ethereum,2026-09-23T10:17:23,0x831b45d27b0c9e044fb78c5b7636c3dbe3947dce72f93b9475cde2d8384f74a2,reverted,0xb00f38246ea6870c2e3ed6dba9d542a9a3fb6920,PYUSD/USDG,Morpho,stable-first,0x (MetaMatcha),0x0889e9327b98d7d1be3c301a4585ff3330502c9a,0,1.2095,-1.2095,{}
ethereum,2026-09-23T10:28:23,0xc2f88d970e85103223e805097e68ed578062168aee9fbc4fa5ef035be8226ddb,reverted,0xb00f38246ea6870c2e3ed6dba9d542a9a3fb6920,PYUSD/USDG,Morpho,stable-first,0x (MetaMatcha),0x0889e9327b98d7d1be3c301a4585ff3330502c9a,0,0.1221,-0.1221,{}
ethereum,2026-09-23T10:48:59,0x3dc8a339ad0f1c1fd8a30f44cdcd4869230db7bd771c5e81da26372447b1f772,reverted,0xb00f38246ea6870c2e3ed6dba9d542a9a3fb6920,PYUSD/USDG,Morpho,stable-first,0x (MetaMatcha),0x0889e9327b98d7d1be3c301a4585ff3330502c9a,0,1.4796,-1.4796,{}
ethereum,2026-09-23T10:59:11,0xdb641a2653a16c5e328f73dcae8fe48cce73828e2e51798b27836a9e2574d33d,reverted,0xb00f38246ea6870c2e3ed6dba9d542a9a3fb6920,PYUSD/USDG,Morpho,stable-first,0x (MetaMatcha),0x0889e9327b98d7d1be3c301a4585ff3330502c9a,0,0.0601,-0.0601,{}
ethereum,2026-09-23T11:14:23,0x68128f1f6c686251617d0a5a1fd1a8f838e68d05850eb38bfd94bd3af289d1cf,reverted,0xb00f38246ea6870c2e3ed6dba9d542a9a3fb6920,PYUSD/USDG,Morpho,stable-first,0x (MetaMatcha),0x0889e9327b98d7d1be3c301a4585ff3330502c9a,0,1.2701,-1.2701,{}
ethereum,2026-09-23T11:22:47,0x72108b8d59040ef76137ac12b19f580c8b74a1072f8412f4f3afd90ae74d7ea8,reverted,0xb00f38246ea6870c2e3ed6dba9d542a9a3fb6920,PYUSD/USDG,Morpho,stable-first,0x (MetaMatcha),0x0889e9327b98d7d1be3c301a4585ff3330502c9a,0,1.4071,-1.4071,{}
ethereum,2026-09-23T11:30:23,0x459917a71f75dfe6a344438488cca16365257e4c9abdf9f4de7ffa35297f032b,success,0xb00f38246ea6870c2e3ed6dba9d542a9a3fb6920,PYUSD/USDG,Morpho,stable-first,0x (MetaMatcha),0x0889e9327b98d7d1be3c301a4585ff3330502c9a,15.264032,1.2567,14.0073,"{""PYUSD"": 15.264032, ""USDG"": 0.0}"
ethereum,2026-09-24T03:58:11,0x6ffc0c6936110611952fecd0fc4ccff2b5890bdd8b4b0b974980747e7fa7b53a,success,0xb00f38246ea6870c2e3ed6dba9d542a9a3fb6920,PYUSD/USDG,Morpho,dex-first,0x (MetaMatcha),0x0889e9327b98d7d1be3c301a4585ff3330502c9a,8.094028,1.1653,6.9288,"{""PYUSD"": 8.094028, ""USDG"": 0.0}"
ethereum,2026-09-24T19:27:47,0xcecab2c4f87a48748ba0520587961053ee6aa7b60afa18d1309eb4ed7ec3d320,reverted,0xb00f38246ea6870c2e3ed6dba9d542a9a3fb6920,USDG/USDC,AaveV3,dex-first,0x (MetaMatcha),0x0889e9327b98d7d1be3c301a4585ff3330502c9a,0,3.9038,-3.9038,{}
ethereum,2026-09-24T20:23:59,0xac7f93a287cd9a875836753ba3d9f5a9e98d90b6992e7a90e2616ef888a00c87,success,0xb00f38246ea6870c2e3ed6dba9d542a9a3fb6920,PYUSD/USDG,Morpho,dex-first,0x (MetaMatcha),0x0889e9327b98d7d1be3c301a4585ff3330502c9a,4.75093,0.7184,4.0325,"{""PYUSD"": 4.75093, ""USDG"": 0.0}"
ethereum,2026-09-24T22:10:59,0xa8fa36c33dd403e05873ff5b0cf599cf17915ad4d4597092d848e2389698ffd9,reverted,0xb00f38246ea6870c2e3ed6dba9d542a9a3fb6920,USDC/PYUSD,Morpho,dex-first,0x (MetaMatcha),0x0889e9327b98d7d1be3c301a4585ff3330502c9a,0,0.5596,-0.5596,{}
ethereum,2026-09-25T16:32:23,0x9c610d448eaaf7c1ffe07caf78636cff8a60b952c70919748f7b142ee925d6bb,success,0xb00f38246ea6870c2e3ed6dba9d542a9a3fb6920,PYUSD/USDG,Morpho,dex-first,0x (MetaMatcha),0x0889e9327b98d7d1be3c301a4585ff3330502c9a,10.424203,2.2961,8.1281,"{""PYUSD"": 10.424203, ""USDG"": 0.0}"
ethereum,2026-09-25T19:26:35,0x75a266ac22b47066581d581efdd4c087d93dda533ca41d4dbc9d2f599bace45e,success,0xb00f38246ea6870c2e3ed6dba9d542a9a3fb6920,PYUSD/USDG,Morpho,dex-first,0x (MetaMatcha),0x0889e9327b98d7d1be3c301a4585ff3330502c9a,5.835497,0.4296,5.4059,"{""PYUSD"": 5.835497, ""USDG"": 0.0}"
ethereum,2026-09-26T00:06:59,0xb313ad3a7436ffd8f042f2502d4b0031481eb755658c595d1940c1bb2bdf08f3,reverted,0xb00f38246ea6870c2e3ed6dba9d542a9a3fb6920,PYUSD/USDG,Morpho,dex-first,0x (MetaMatcha),0x0889e9327b98d7d1be3c301a4585ff3330502c9a,0,0.2417,-0.2417,{}
ethereum,2026-09-26T00:10:59,0x444550729ef70e7ae0c48e11d043b3bf842bea0e3c5712c2b9bef1a687cc29b5,success,0xb00f38246ea6870c2e3ed6dba9d542a9a3fb6920,PYUSD/USDG,Morpho,dex-first,0x (MetaMatcha),0x0889e9327b98d7d1be3c301a4585ff3330502c9a,12.888718,0.2587,12.63,"{""PYUSD"": 12.888718, ""USDG"": 0.0}"
ethereum,2026-09-26T04:35:23,0x0a932518f82c886c810b070b3b2f999c837c2b2a8e6dffc80301b5ebb0bbe2d9,reverted,0xb00f38246ea6870c2e3ed6dba9d542a9a3fb6920,USDC/PYUSD,Morpho,dex-first,0x (MetaMatcha),0x666fedd4cdd4e890a5ad20e7b60975409435a64a,0,0.1443,-0.1443,{}
ethereum,2026-09-26T17:27:59,0x26a904e5cfa60f1ba5ab44459f12d565c87fef6b27d6fbc7a8ae264bb72b9061,reverted,0xb00f38246ea6870c2e3ed6dba9d542a9a3fb6920,PYUSD/USDG,Morpho,stable-first,0x (MetaMatcha),0x666fedd4cdd4e890a5ad20e7b60975409435a64a,0,0.2128,-0.2128,{}
ethereum,2026-09-26T20:02:35,0x9688dece00390a4b59464ce64713d4fbf61653f46fac3f6ef733f86ff61afd1f,reverted,0xb00f38246ea6870c2e3ed6dba9d542a9a3fb6920,USDC/PYUSD,Morpho,dex-first,0x (MetaMatcha),0x0889e9327b98d7d1be3c301a4585ff3330502c9a,0,0.335,-0.335,{}
ethereum,2026-09-26T22:42:11,0x83d92d625ab541976d490abafa91a2b8a45fd3262db75d93d779ca5c70454db9,success,0xb00f38246ea6870c2e3ed6dba9d542a9a3fb6920,PYUSD/USDG,Morpho,dex-first,0x (MetaMatcha),0x0889e9327b98d7d1be3c301a4585ff3330502c9a,3.846601,0.2103,3.6363,"{""PYUSD"": 3.846601, ""USDG"": 0.0}"
